Date,Open,High,Low,Close,Volume,Dividends,Stock Splits
2014-04-30,18.11,18.11,18.11,18.11,100200,0.0,0
2014-05-01,18.21,18.27,18.21,18.22,2100,0.0,0
2014-05-02,18.21,18.21,18.21,18.21,300,0.0,0
2014-05-05,18.11,18.11,18.06,18.06,800,0.0,0
2014-05-06,18.21,18.21,18.21,18.21,1100,0.0,0
2014-05-07,18.13,18.13,17.92,18.0,4500,0.0,0
2014-05-08,18.11,18.11,17.97,17.99,3000,0.0,0
2014-05-09,17.96,17.97,17.92,17.95,2600,0.0,0
2014-05-12,18.05,18.19,17.92,18.16,51100,0.0,0
2014-05-13,18.27,18.27,18.14,18.18,6300,0.0,0
2014-05-14,18.59,18.59,18.24,18.25,53600,0.0,0
2014-05-15,18.18,18.18,18.02,18.08,11000,0.0,0
2014-05-16,18.15,18.29,18.15,18.29,1300,0.0,0
2014-05-19,18.19,18.19,18.1,18.11,400,0.0,0
2014-05-20,18.06,18.06,18.06,18.06,100,0.0,0
2014-05-21,18.27,18.27,18.27,18.27,100,0.0,0
2014-05-22,18.48,18.48,18.34,18.38,2500,0.0,0
2014-05-23,18.48,18.48,18.48,18.48,200,0.0,0
2014-05-27,18.62,18.62,18.31,18.34,6100,0.0,0
2014-05-28,18.58,18.58,18.44,18.44,5700,0.0,0
2014-05-29,18.48,18.48,18.42,18.42,5100,0.0,0
2014-05-30,18.63,18.63,18.42,18.45,6700,0.0,0
2014-06-02,18.61,18.61,18.58,18.61,2000,0.0,0
2014-06-03,18.5,18.57,18.49,18.53,5900,0.0,0
2014-06-04,18.44,18.44,18.19,18.34,5500,0.0,0
2014-06-05,18.52,18.59,18.52,18.52,6400,0.0,0
2014-06-06,18.52,18.52,18.52,18.52,0,0.0,0
2014-06-09,18.59,18.6,18.59,18.6,500,0.0,0
2014-06-10,18.74,18.8,18.74,18.8,1500,0.0,0
2014-06-11,18.8,18.8,18.8,18.8,0,0.0,0
2014-06-12,18.7,18.7,18.65,18.65,800,0.0,0
2014-06-13,18.89,18.9,18.85,18.88,5000,0.0,0
2014-06-16,18.91,18.91,18.85,18.87,5200,0.0,0
2014-06-17,18.83,18.85,18.83,18.85,800,0.0,0
2014-06-18,18.78,18.92,18.76,18.92,1800,0.0,0
2014-06-19,18.65,18.66,18.62,18.62,600,0.0,0
2014-06-20,18.67,18.67,18.66,18.66,700,0.0,0
2014-06-23,18.55,18.58,18.55,18.58,5000,0.0,0
2014-06-24,18.66,18.74,18.65,18.69,3700,0.0,0
2014-06-25,18.66,18.66,18.66,18.66,100,0.0,0
2014-06-26,18.9,18.9,18.82,18.85,2100,0.0,0
2014-06-27,18.87,18.87,18.87,18.87,200,0.0,0
2014-06-30,19.0,19.0,18.99,18.99,2300,0.0,0
2014-07-01,19.08,19.13,19.08,19.13,2500,0.0,0
2014-07-02,19.24,19.24,19.24,19.24,600,0.0,0
2014-07-03,19.32,19.32,19.32,19.32,2800,0.0,0
2014-07-07,19.31,19.31,19.31,19.31,600,0.0,0
2014-07-08,19.26,19.26,19.23,19.23,1800,0.0,0
2014-07-09,19.05,19.12,19.05,19.11,1300,0.0,0
2014-07-10,18.97,18.97,18.95,18.96,1100,0.0,0
2014-07-11,19.05,19.15,19.05,19.13,2000,0.0,0
2014-07-14,19.37,19.37,19.35,19.35,1200,0.0,0
2014-07-15,19.32,19.32,19.32,19.32,1000,0.0,0
2014-07-16,19.45,19.45,19.41,19.41,2700,0.0,0
2014-07-17,19.25,19.26,19.15,19.16,4100,0.0,0
2014-07-18,19.33,19.35,19.33,19.35,1600,0.0,0
2014-07-21,19.32,19.32,19.32,19.32,300,0.0,0
2014-07-22,19.68,19.68,19.68,19.68,1500,0.0,0
2014-07-23,19.78,19.79,19.77,19.77,5000,0.0,0
2014-07-24,20.03,20.1,20.03,20.08,1200,0.0,0
2014-07-25,20.01,20.27,20.01,20.25,2800,0.0,0
2014-07-28,20.89,20.89,20.55,20.68,4900,0.0,0
2014-07-29,20.73,20.81,20.73,20.79,7400,0.0,0
2014-07-30,20.93,20.93,20.58,20.61,8000,0.0,0
2014-07-31,20.62,20.62,20.58,20.6,4100,0.0,0
2014-08-01,20.57,20.57,20.57,20.57,200,0.0,0
2014-08-04,20.81,20.91,20.79,20.91,3300,0.0,0
2014-08-05,20.76,20.79,20.73,20.73,4600,0.0,0
2014-08-06,20.68,20.71,20.61,20.63,5700,0.0,0
2014-08-07,20.6,20.6,20.48,20.48,400,0.0,0
2014-08-08,20.72,20.78,20.72,20.78,300,0.0,0
2014-08-11,20.97,21.07,20.96,21.07,6200,0.0,0
2014-08-12,21.0,21.09,20.96,21.08,16200,0.0,0
2014-08-13,21.13,21.13,21.13,21.13,600,0.0,0
2014-08-14,20.96,20.97,20.95,20.95,3300,0.0,0
2014-08-15,21.3,21.3,21.02,21.06,2900,0.0,0
2014-08-18,21.3,21.3,21.21,21.23,600,0.0,0
2014-08-19,21.35,21.35,21.23,21.26,2400,0.0,0
2014-08-20,21.29,21.29,21.17,21.17,6300,0.0,0
2014-08-21,21.24,21.24,20.97,20.97,1200,0.0,0
2014-08-22,20.97,20.97,20.97,20.97,0,0.0,0
2014-08-25,20.97,20.97,20.97,20.97,100,0.0,0
2014-08-26,20.89,20.89,20.89,20.89,100,0.0,0
2014-08-27,20.85,20.87,20.84,20.85,2100,0.0,0
2014-08-28,20.59,20.59,20.55,20.55,700,0.0,0
2014-08-29,20.77,20.77,20.77,20.77,800,0.0,0
2014-09-02,21.09,21.1,21.09,21.1,1100,0.0,0
2014-09-03,21.57,21.73,21.54,21.54,800,0.0,0
2014-09-04,21.65,21.65,21.65,21.65,500,0.0,0
2014-09-05,21.65,21.65,21.65,21.65,0,0.0,0
2014-09-08,21.65,21.65,21.65,21.65,0,0.0,0
2014-09-09,21.7,21.7,21.58,21.59,600,0.0,0
2014-09-10,21.4,21.4,21.34,21.34,800,0.0,0
2014-09-11,21.39,21.39,21.36,21.36,300,0.0,0
2014-09-12,21.36,21.36,21.34,21.34,500,0.0,0
2014-09-15,21.22,21.22,21.13,21.15,3400,0.0,0
2014-09-16,20.79,21.21,20.79,21.15,2500,0.0,0
2014-09-17,21.1,21.11,21.1,21.11,1700,0.0,0
2014-09-18,21.12,21.12,21.12,21.12,100,0.0,0
2014-09-19,21.33,21.33,21.0,21.03,700,0.0,0
2014-09-22,20.6,20.6,20.6,20.6,500,0.0,0
2014-09-23,20.68,20.68,20.65,20.65,300,0.0,0
2014-09-24,21.02,21.02,21.02,21.02,300,0.0,0
2014-09-25,21.06,21.06,20.81,20.81,1700,0.0,0
2014-09-26,20.76,20.93,20.76,20.93,1200,0.0,0
2014-09-29,20.84,20.84,20.76,20.76,1000,0.0,0
2014-09-30,20.85,20.85,20.84,20.84,1700,0.0,0
2014-10-01,20.49,20.49,20.49,20.49,200,0.0,0
2014-10-02,20.35,20.35,20.27,20.27,600,0.0,0
2014-10-03,20.72,20.72,20.72,20.72,100,0.0,0
2014-10-06,21.0,21.05,21.0,21.05,700,0.0,0
2014-10-07,20.96,20.96,20.9,20.92,1500,0.0,0
2014-10-08,20.94,20.94,20.94,20.94,200,0.0,0
2014-10-09,21.01,21.01,20.84,20.86,4000,0.0,0
2014-10-10,20.59,20.73,20.59,20.61,8200,0.0,0
2014-10-13,20.78,20.82,20.76,20.82,2100,0.0,0
2014-10-14,20.82,20.82,20.82,20.82,0,0.0,0
2014-10-15,20.5,20.5,20.5,20.5,500,0.0,0
2014-10-16,20.5,20.5,20.5,20.5,0,0.0,0
2014-10-17,20.78,20.89,20.77,20.81,16100,0.0,0
2014-10-20,20.76,20.88,20.76,20.83,16100,0.0,0
2014-10-21,20.8,20.89,20.8,20.89,400,0.0,0
2014-10-22,20.89,20.89,20.89,20.89,0,0.0,0
2014-10-23,20.71,20.74,20.71,20.71,500,0.0,0
2014-10-24,20.8,20.8,20.64,20.73,1500,0.0,0
2014-10-27,20.6,20.6,20.41,20.47,3100,0.0,0
2014-10-28,21.05,21.07,20.89,21.07,10200,0.0,0
2014-10-29,21.12,21.18,21.11,21.15,2800,0.0,0
2014-10-30,21.29,21.29,21.29,21.29,100,0.0,0
2014-10-31,21.56,21.56,21.56,21.56,400,0.0,0
2014-11-03,21.65,21.65,21.44,21.46,900,0.0,0
2014-11-04,21.46,21.46,21.46,21.46,0,0.0,0
2014-11-05,21.44,21.51,21.44,21.49,4400,0.0,0
2014-11-06,21.49,21.49,21.49,21.49,0,0.0,0
2014-11-07,21.39,21.42,21.39,21.42,1200,0.0,0
2014-11-10,21.89,21.89,21.73,21.76,7600,0.0,0
2014-11-11,21.71,21.71,21.68,21.69,900,0.0,0
2014-11-12,21.88,21.89,21.86,21.89,1200,0.0,0
2014-11-13,21.89,21.89,21.89,21.89,500,0.0,0
2014-11-14,22.36,22.36,22.28,22.28,500,0.0,0
2014-11-17,21.81,21.86,21.8,21.86,2400,0.0,0
2014-11-18,21.65,21.68,21.65,21.67,4800,0.0,0
2014-11-19,21.65,21.65,21.53,21.53,500,0.0,0
2014-11-20,21.68,21.68,21.55,21.55,1400,0.0,0
2014-11-21,22.39,22.49,22.36,22.46,5700,0.0,0
2014-11-24,22.71,22.71,22.52,22.64,6400,0.0,0
2014-11-25,22.84,22.92,22.72,22.79,2300,0.0,0
2014-11-26,23.35,23.54,22.97,22.97,3600,0.0,0
2014-11-28,23.08,23.08,23.07,23.07,2500,0.0,0
2014-12-01,22.67,22.67,22.39,22.39,1800,0.0,0
2014-12-02,23.26,23.26,23.23,23.25,600,0.0,0
2014-12-03,23.57,23.71,23.57,23.71,200,0.0,0
2014-12-04,24.57,24.64,24.56,24.57,1600,0.0,0
2014-12-05,24.8,24.8,24.66,24.78,15900,0.0,0
2014-12-08,25.07,25.33,24.87,24.87,3800,0.0,0
2014-12-09,23.68,23.9,23.18,23.6,13500,0.0,0
2014-12-10,23.88,24.18,23.75,23.75,1900,0.0,0
2014-12-11,24.07,24.37,24.07,24.27,4000,0.0,0
2014-12-12,24.07,24.08,24.01,24.01,7600,0.0,0
2014-12-15,23.98,24.23,23.78,23.91,4100,0.0,0
2014-12-16,24.33,24.33,24.1,24.1,700,0.0,0
2014-12-17,24.8,24.8,24.8,24.8,300,0.0,0
2014-12-18,24.88,24.92,24.68,24.72,4100,0.0,0
2014-12-19,24.97,24.97,24.9,24.9,1700,0.4,0
2014-12-22,25.02,25.03,24.83,24.86,2800,0.0,0
2014-12-23,24.67,24.67,24.18,24.21,3900,0.0,0
2014-12-24,24.23,24.23,24.11,24.15,1400,0.0,0
2014-12-26,24.88,25.33,24.88,25.25,1300,0.0,0
2014-12-29,25.21,25.21,25.14,25.15,1300,0.0,0
2014-12-30,25.01,25.19,25.01,25.11,2500,0.0,0
2014-12-31,25.63,25.63,25.55,25.57,1700,0.0,0
2015-01-02,25.58,25.58,25.56,25.56,500,0.0,0
2015-01-05,25.57,25.87,25.57,25.8,1100,0.0,0
2015-01-06,25.8,25.8,25.75,25.75,1400,0.0,0
2015-01-07,26.15,26.15,26.02,26.04,1500,0.0,0
2015-01-08,26.03,26.03,25.78,25.8,4100,0.0,0
2015-01-09,25.63,25.75,25.63,25.75,1600,0.0,0
2015-01-12,25.94,25.94,25.43,25.43,1000,0.0,0
2015-01-13,25.91,25.91,25.43,25.56,5100,0.0,0
2015-01-14,25.37,25.37,25.37,25.37,1200,0.0,0
2015-01-15,25.77,25.91,25.77,25.88,10000,0.0,0
2015-01-16,25.36,25.4,25.28,25.4,5700,0.0,0
2015-01-20,25.14,25.14,24.86,24.87,18000,0.0,0
2015-01-21,25.67,25.81,25.67,25.81,1600,0.0,0
2015-01-22,26.0,26.15,25.99,26.15,800,0.0,0
2015-01-23,26.08,26.13,26.08,26.13,1200,0.0,0
2015-01-26,26.25,26.25,26.25,26.25,400,0.0,0
2015-01-27,25.97,25.97,25.74,25.84,3600,0.0,0
2015-01-28,25.39,25.39,25.3,25.32,2600,0.0,0
2015-01-29,25.24,25.3,25.16,25.3,1400,0.0,0
2015-01-30,24.79,24.97,24.51,24.51,4700,0.0,0
2015-02-02,24.81,24.81,24.81,24.81,1400,0.0,0
2015-02-03,25.5,25.5,25.5,25.5,1200,0.0,0
2015-02-04,26.01,26.02,25.84,25.84,1500,0.0,0
2015-02-05,25.41,25.41,25.07,25.17,2600,0.0,0
2015-02-06,24.57,24.57,24.56,24.56,1200,0.0,0
2015-02-09,24.66,24.67,24.66,24.67,400,0.0,0
2015-02-10,25.03,25.03,25.03,25.03,400,0.0,0
2015-02-11,24.89,24.99,24.89,24.99,1600,0.0,0
2015-02-12,25.17,25.34,25.17,25.3,2000,0.0,0
2015-02-13,25.46,25.55,25.46,25.55,2500,0.0,0
2015-02-17,25.85,25.85,25.64,25.74,1500,0.0,0
2015-02-18,25.66,25.66,25.65,25.66,800,0.0,0
2015-02-19,25.64,25.64,25.59,25.59,1900,0.0,0
2015-02-20,25.59,25.59,25.59,25.59,200,0.0,0
2015-02-23,25.67,25.67,25.63,25.63,800,0.0,0
2015-02-24,25.98,25.98,25.75,25.95,2200,0.0,0
2015-02-25,25.98,25.98,25.44,25.59,2200,0.0,0
2015-02-26,26.0,26.05,26.0,26.04,1500,0.0,0
2015-02-27,26.16,26.16,25.88,25.89,1700,0.0,0
2015-03-02,26.09,26.13,26.09,26.13,1400,0.0,0
2015-03-03,25.57,25.57,25.56,25.56,1300,0.0,0
2015-03-04,25.42,25.42,25.41,25.42,2300,0.0,0
2015-03-05,25.44,25.45,25.41,25.45,800,0.0,0
2015-03-06,25.3,25.3,25.12,25.14,2300,0.0,0
2015-03-09,25.51,25.58,25.51,25.57,2400,0.0,0
2015-03-10,25.23,25.23,25.18,25.18,500,0.0,0
2015-03-11,25.18,25.18,25.18,25.18,0,0.0,0
2015-03-12,25.79,25.83,25.71,25.71,12600,0.0,0
2015-03-13,25.75,25.78,25.69,25.69,4300,0.0,0
2015-03-16,26.35,26.54,26.35,26.51,2400,0.0,0
2015-03-17,26.72,26.82,26.72,26.82,400,0.0,0
2015-03-18,27.12,27.54,27.09,27.48,3600,0.0,0
2015-03-19,27.41,27.41,27.34,27.41,2600,0.0,0
2015-03-20,27.41,27.41,27.41,27.41,0,0.0,0
2015-03-23,27.98,28.01,27.94,27.99,4300,0.0,0
2015-03-24,27.85,27.91,27.81,27.91,2700,0.0,0
2015-03-25,27.8,27.8,27.63,27.63,2300,0.0,0
2015-03-26,27.63,27.63,27.63,27.63,400,0.0,0
2015-03-27,27.97,28.05,27.93,28.05,1200,0.0,0
2015-03-30,28.94,29.16,28.87,29.16,7200,0.0,0
2015-03-31,28.53,28.58,28.16,28.55,900,0.0,0
2015-04-01,29.12,29.18,29.12,29.15,800,0.0,0
2015-04-02,29.2,29.2,29.2,29.2,300,0.0,0
2015-04-06,29.87,29.92,29.87,29.92,700,0.0,0
2015-04-07,30.15,30.18,30.05,30.18,4300,0.0,0
2015-04-08,30.82,30.94,30.59,30.84,6700,0.0,0
2015-04-09,30.85,30.87,30.64,30.82,2500,0.0,0
2015-04-10,31.22,31.47,31.22,31.47,5700,0.0,0
2015-04-13,31.88,32.05,31.69,31.69,13700,0.0,0
2015-04-14,31.63,31.73,31.51,31.73,5100,0.0,0
2015-04-15,31.39,31.39,31.23,31.33,2700,0.0,0
2015-04-16,32.01,32.35,32.01,32.32,3400,0.0,0
2015-04-17,30.79,30.91,30.73,30.9,6300,0.0,0
2015-04-20,31.58,31.8,31.58,31.77,2500,0.0,0
2015-04-21,32.92,32.93,32.5,32.5,6400,0.0,0
2015-04-22,33.24,33.57,33.24,33.57,4300,0.0,0
2015-04-23,33.04,33.2,33.03,33.15,4000,0.0,0
2015-04-24,33.25,33.26,33.23,33.23,600,0.0,0
2015-04-27,33.7,33.75,33.65,33.68,4200,0.0,0
2015-04-28,33.61,33.61,33.28,33.47,19200,0.0,0
2015-04-29,33.35,33.41,33.22,33.41,4900,0.0,0
2015-04-30,33.12,33.12,33.01,33.01,1600,0.0,0
2015-05-01,33.04,33.24,33.04,33.24,1000,0.0,0
2015-05-04,33.14,33.51,32.6,33.51,9400,0.0,0
2015-05-05,32.82,32.82,32.15,32.18,2700,0.0,0
2015-05-06,32.16,32.16,31.51,31.52,2300,0.0,0
2015-05-07,31.11,31.33,31.11,31.33,4600,0.0,0
2015-05-08,32.21,32.82,32.14,32.31,1900,0.0,0
2015-05-11,32.69,32.83,32.64,32.74,23500,0.0,0
2015-05-12,32.73,32.79,32.57,32.77,26200,0.0,0
2015-05-13,32.74,32.74,32.57,32.59,24900,0.0,0
2015-05-14,32.79,32.9,32.79,32.89,1500,0.0,0
2015-05-15,32.57,32.67,32.57,32.63,2800,0.0,0
2015-05-18,32.43,32.54,32.43,32.52,6200,0.0,0
2015-05-19,33.66,33.66,33.35,33.49,36500,0.0,0
2015-05-20,33.46,33.5,33.35,33.47,5900,0.0,0
2015-05-21,33.92,34.04,33.92,34.04,5800,0.0,0
2015-05-22,34.7,35.53,34.7,35.08,7800,0.0,0
2015-05-26,36.65,37.29,35.69,35.77,11500,0.0,0
2015-05-27,35.79,35.79,35.58,35.69,12900,0.0,0
2015-05-28,33.38,33.97,33.38,33.97,15000,0.0,0
2015-05-29,33.85,33.85,33.74,33.74,2900,0.0,0
2015-06-01,34.95,35.09,34.95,35.09,4100,0.0,0
2015-06-02,34.41,35.79,34.41,35.65,3000,0.0,0
2015-06-03,35.35,35.54,35.35,35.42,10600,0.0,0
2015-06-04,35.59,35.59,35.24,35.29,17100,0.0,0
2015-06-05,35.29,35.34,35.29,35.29,9100,0.0,0
2015-06-08,35.87,35.92,35.81,35.84,2300,0.0,0
2015-06-09,36.27,36.27,35.11,35.26,9500,0.0,0
2015-06-10,35.5,35.66,35.46,35.65,6800,0.0,0
2015-06-11,35.88,36.0,35.86,35.92,3500,0.0,0
2015-06-12,36.38,36.41,36.28,36.36,3800,0.0,0
2015-06-15,35.59,35.59,35.18,35.2,3900,0.0,0
2015-06-16,34.44,34.44,33.53,34.38,4000,0.0,0
2015-06-17,34.73,34.91,33.24,34.91,4000,0.0,0
2015-06-18,33.91,34.3,33.91,34.3,9900,0.0,0
2015-06-19,32.61,32.85,32.24,32.66,13800,0.0,0
2015-06-22,32.92,33.23,32.92,33.1,7000,0.0,0
2015-06-23,33.67,33.71,33.63,33.71,2600,0.0,0
2015-06-24,34.24,34.33,33.89,33.95,7700,0.0,0
2015-06-25,33.28,33.28,32.8,32.85,3600,0.0,0
2015-06-26,32.15,32.15,29.86,29.91,20800,0.0,0
2015-06-29,29.74,29.99,29.61,29.62,6800,0.0,0
2015-06-30,30.4,31.14,30.4,31.08,7900,0.0,0
2015-07-01,30.4,30.4,30.04,30.16,2500,0.0,0
2015-07-02,29.58,29.59,29.4,29.4,6100,0.0,0
2015-07-06,28.81,28.81,28.02,28.03,21300,0.0,0
2015-07-07,27.47,27.47,25.2,26.16,12000,0.0,0
2015-07-08,25.64,25.64,23.93,23.95,11400,0.0,0
2015-07-09,24.43,27.5,24.43,27.44,17500,0.0,0
2015-07-10,29.22,29.57,28.84,29.44,9100,0.0,0
2015-07-13,29.75,29.85,29.06,29.06,8100,0.0,0
2015-07-14,28.66,28.77,28.59,28.59,14900,0.0,0
2015-07-15,27.47,27.55,27.21,27.22,6300,0.0,0
2015-07-16,27.76,28.53,27.76,28.51,5100,0.0,0
2015-07-17,29.35,29.37,29.27,29.3,3100,0.0,0
2015-07-20,28.92,29.01,28.87,28.92,4100,0.0,0
2015-07-21,29.3,29.3,29.16,29.19,1500,0.0,0
2015-07-22,29.12,29.31,29.12,29.28,2400,0.0,0
2015-07-23,30.08,30.08,29.81,29.81,1500,0.0,0
2015-07-24,29.3,29.42,29.1,29.11,3600,0.0,0
2015-07-27,26.85,27.08,26.82,26.98,3400,0.0,0
2015-07-28,27.24,27.39,27.11,27.39,2700,0.0,0
2015-07-29,28.02,28.13,28.02,28.13,4500,0.0,0
2015-07-30,27.39,27.49,27.39,27.48,3800,0.0,0
2015-07-31,27.62,27.62,27.35,27.35,3600,0.0,0
2015-08-03,27.0,27.03,26.92,26.97,5300,0.0,0
2015-08-04,27.91,27.91,27.87,27.87,1400,0.0,0
2015-08-05,27.64,27.72,27.64,27.72,1400,0.0,0
2015-08-06,27.33,27.47,27.33,27.38,4000,0.0,0
2015-08-07,27.81,27.88,27.8,27.88,3200,0.0,0
2015-08-10,29.4,29.4,29.01,29.19,2200,0.0,0
2015-08-11,28.23,28.29,28.05,28.29,4700,0.0,0
2015-08-12,26.89,27.52,26.89,27.52,1800,0.0,0
2015-08-13,27.96,28.07,27.94,27.96,4400,0.0,0
2015-08-14,27.99,28.06,27.99,28.06,200,0.0,0
2015-08-17,27.95,28.02,27.95,28.02,3600,0.0,0
2015-08-18,26.49,26.59,26.36,26.36,6200,0.0,0
2015-08-19,26.71,26.71,26.39,26.45,1800,0.0,0
2015-08-20,25.88,25.88,25.53,25.58,1800,0.0,0
2015-08-21,24.84,24.84,24.49,24.52,6500,0.0,0
2015-08-24,24.18,24.18,21.62,21.62,4800,0.0,0
2015-08-25,22.5,22.79,21.98,21.98,16700,0.0,0
2015-08-26,21.44,22.03,21.2,22.03,2400,0.0,0
2015-08-27,22.9,23.15,22.83,22.92,1900,0.0,0
2015-08-28,23.29,23.41,23.27,23.38,2500,0.0,0
2015-08-31,23.04,23.05,22.89,23.05,2900,0.0,0
2015-09-01,22.04,22.14,21.62,21.76,2100,0.0,0
2015-09-02,22.09,22.09,21.75,21.96,3400,0.0,0
2015-09-03,22.44,22.44,22.19,22.19,500,0.0,0
2015-09-04,21.75,21.75,21.38,21.38,1200,0.0,0
2015-09-08,22.45,23.36,22.45,23.35,1900,0.0,0
2015-09-09,23.15,23.15,23.0,23.0,900,0.0,0
2015-09-10,23.26,23.45,23.26,23.41,2600,0.0,0
2015-09-11,23.21,23.21,23.21,23.21,200,0.0,0
2015-09-14,22.42,22.56,22.42,22.5,900,0.0,0
2015-09-15,22.11,22.23,22.11,22.23,1700,0.0,0
2015-09-16,23.36,23.58,23.36,23.58,600,0.0,0
2015-09-17,22.92,23.12,22.87,22.98,5700,0.0,0
2015-09-18,22.9,22.9,22.67,22.67,2900,0.0,0
2015-09-21,23.4,23.43,23.27,23.29,6200,0.0,0
2015-09-22,22.92,23.06,22.92,23.06,500,0.0,0
2015-09-23,22.96,22.99,22.95,22.99,2100,0.0,0
2015-09-24,22.72,22.9,22.72,22.9,1700,0.0,0
2015-09-25,22.78,22.78,22.72,22.72,400,0.0,0
2015-09-28,22.57,22.59,22.46,22.49,600,0.0,0
2015-09-29,22.43,22.59,22.43,22.57,1400,0.0,0
2015-09-30,22.57,22.57,22.57,22.57,0,0.0,0
2015-10-01,22.57,22.57,22.57,22.57,0,0.0,0
2015-10-02,23.37,23.37,23.37,23.37,400,0.0,0
2015-10-05,24.13,24.21,24.12,24.17,2500,0.0,0
2015-10-06,24.17,24.17,24.17,24.17,0,0.0,0
2015-10-07,24.68,24.68,24.67,24.68,1600,0.0,0
2015-10-08,24.26,24.26,24.1,24.1,1200,0.0,0
2015-10-09,24.4,24.45,24.4,24.45,1200,0.0,0
2015-10-12,24.97,25.03,24.97,24.97,900,0.0,0
2015-10-13,24.92,24.92,24.88,24.88,1100,0.0,0
2015-10-14,24.7,24.7,24.7,24.7,100,0.0,0
2015-10-15,25.51,25.51,25.51,25.51,300,0.0,0
2015-10-16,25.65,25.83,25.64,25.83,10900,0.0,0
2015-10-19,25.52,25.52,25.52,25.52,200,0.0,0
2015-10-20,25.52,25.52,25.52,25.52,0,0.0,0
2015-10-21,25.01,25.01,24.93,25.01,2900,0.0,0
2015-10-22,25.63,25.63,25.62,25.62,1800,0.0,0
2015-10-23,26.54,26.54,26.54,26.54,400,0.0,0
2015-10-26,25.98,25.98,25.97,25.97,1300,0.0,0
2015-10-27,25.82,25.91,25.79,25.82,3600,0.0,0
2015-10-28,25.63,25.63,25.58,25.58,700,0.0,0
2015-10-29,25.52,25.55,25.52,25.55,300,0.0,0
2015-10-30,25.68,25.68,25.6,25.62,3300,0.0,0
2015-11-02,25.62,25.62,25.62,25.62,0,0.0,0
2015-11-03,25.5,25.5,25.5,25.5,300,0.0,0
2015-11-04,26.42,26.46,26.39,26.39,5100,0.0,0
2015-11-05,26.68,26.68,26.59,26.59,900,0.0,0
2015-11-06,26.6,26.87,26.6,26.87,4400,0.0,0
2015-11-09,26.67,26.67,26.63,26.63,600,0.0,0
2015-11-10,26.81,26.81,26.81,26.81,500,0.0,0
2015-11-11,26.81,26.81,26.81,26.81,0,0.0,0
2015-11-12,26.81,26.81,26.81,26.81,0,0.0,0
2015-11-13,26.81,26.81,26.81,26.81,0,0.0,0
2015-11-16,26.59,26.6,26.56,26.6,1700,0.0,0
2015-11-17,26.56,26.56,26.56,26.56,200,0.0,0
2015-11-18,26.26,26.56,26.26,26.56,600,0.0,0
2015-11-19,26.56,26.56,26.56,26.56,0,0.0,0
2015-11-20,27.09,27.13,27.09,27.12,900,0.0,0
2015-11-23,26.86,26.86,26.86,26.86,200,0.0,0
2015-11-24,26.56,26.85,26.56,26.8,3300,0.0,0
2015-11-25,27.02,27.02,27.01,27.01,600,0.0,0
2015-11-27,25.63,25.82,25.6,25.6,2300,0.0,0
2015-11-30,25.82,25.82,25.82,25.82,400,0.0,0
2015-12-01,26.14,26.18,26.13,26.13,900,0.0,0
2015-12-02,26.43,26.43,26.43,26.43,900,0.0,0
2015-12-03,26.15,26.21,26.15,26.21,500,0.0,0
2015-12-04,26.12,26.31,26.12,26.31,1000,0.0,0
2015-12-07,26.13,26.13,26.13,26.13,300,0.0,0
2015-12-08,26.13,26.13,26.13,26.13,0,0.0,0
2015-12-09,25.83,25.83,25.83,25.83,300,0.0,0
2015-12-10,25.83,25.83,25.83,25.83,0,0.0,0
2015-12-11,24.97,24.97,24.79,24.79,1400,0.0,0
2015-12-14,25.3,25.3,25.3,25.3,300,0.0,0
2015-12-15,25.76,25.76,25.76,25.76,700,0.0,0
2015-12-16,26.49,27.29,25.87,26.04,1400,4.34,0
2015-12-17,26.15,26.15,26.04,26.04,600,0.0,0
2015-12-18,26.04,26.04,26.04,26.04,0,0.0,0
2015-12-21,26.48,26.57,26.48,26.57,1400,0.0,0
2015-12-22,26.73,26.85,26.6,26.8,3100,0.0,0
2015-12-23,26.79,26.79,26.79,26.79,1200,0.0,0
2015-12-24,26.54,26.76,26.54,26.76,600,0.0,0
2015-12-28,26.05,26.05,26.05,26.05,400,0.0,0
2015-12-29,26.36,26.36,26.27,26.29,7400,0.0,0
2015-12-30,26.08,26.08,26.07,26.07,300,0.0,0
2015-12-31,25.93,25.98,25.93,25.93,900,0.0,0
2016-01-04,24.21,24.21,24.13,24.15,1100,0.0,0
2016-01-05,24.54,24.54,24.41,24.43,8900,0.0,0
2016-01-06,24.25,24.25,24.19,24.19,900,0.0,0
2016-01-07,23.23,23.48,22.86,22.91,3300,0.0,0
2016-01-08,23.13,23.18,22.75,22.75,2000,0.0,0
2016-01-11,22.62,22.62,22.31,22.31,300,0.0,0
2016-01-12,22.72,22.75,22.47,22.5,2100,0.0,0
2016-01-13,22.5,22.5,22.5,22.5,0,0.0,0
2016-01-14,22.47,22.49,22.47,22.49,400,0.0,0
2016-01-15,21.28,21.28,20.99,21.25,21500,0.0,0
2016-01-19,22.09,22.12,22.09,22.12,800,0.0,0
2016-01-20,21.35,21.35,21.15,21.23,4500,0.0,0
2016-01-21,21.29,21.61,21.28,21.61,500,0.0,0
2016-01-22,21.85,21.9,21.85,21.9,1200,0.0,0
2016-01-25,21.9,21.9,21.9,21.9,0,0.0,0
2016-01-26,21.9,21.9,21.9,21.9,0,0.0,0
2016-01-27,21.9,21.9,21.9,21.9,0,0.0,0
2016-01-28,20.92,20.92,20.74,20.74,800,0.0,0
2016-01-29,21.28,21.28,21.28,21.28,200,0.0,0
2016-02-01,20.88,20.9,20.84,20.9,600,0.0,0
2016-02-02,20.97,20.98,20.89,20.9,700,0.0,0
2016-02-03,20.77,20.77,20.77,20.77,500,0.0,0
2016-02-04,21.15,21.15,21.15,21.15,600,0.0,0
2016-02-05,20.81,20.81,20.81,20.81,500,0.0,0
2016-02-08,20.51,20.51,20.34,20.34,500,0.0,0
2016-02-09,20.07,20.3,20.07,20.3,3300,0.0,0
2016-02-10,20.54,20.54,20.54,20.54,100,0.0,0
2016-02-11,20.54,20.54,20.54,20.54,0,0.0,0
2016-02-12,20.31,20.31,20.31,20.31,300,0.0,0
2016-02-16,21.42,21.59,21.42,21.59,1000,0.0,0
2016-02-17,21.59,21.59,21.59,21.59,0,0.0,0
2016-02-18,21.92,21.92,21.91,21.91,600,0.0,0
2016-02-19,21.89,21.92,21.89,21.92,800,0.0,0
2016-02-22,22.51,22.54,22.51,22.54,500,0.0,0
2016-02-23,22.19,22.19,21.91,21.92,12500,0.0,0
2016-02-24,21.73,21.73,21.73,21.73,40100,0.0,0
2016-02-25,21.09,21.27,21.09,21.27,3400,0.0,0
2016-02-26,21.6,21.6,21.6,21.6,100,0.0,0
2016-02-29,21.32,21.34,21.3,21.34,2500,0.0,0
2016-03-01,21.72,21.75,21.72,21.75,700,0.0,0
2016-03-02,22.26,22.26,22.26,22.26,100,0.0,0
2016-03-03,22.26,22.26,22.26,22.26,0,0.0,0
2016-03-04,22.64,22.85,22.64,22.77,1100,0.0,0
2016-03-07,22.73,22.73,22.73,22.73,500,0.0,0
2016-03-08,22.46,22.46,22.38,22.38,200,0.0,0
2016-03-09,22.29,22.29,22.22,22.22,1000,0.0,0
2016-03-10,22.22,22.22,22.22,22.22,0,0.0,0
2016-03-11,22.22,22.22,22.22,22.22,0,0.0,0
2016-03-14,22.67,22.73,22.66,22.73,1500,0.0,0
2016-03-15,22.59,22.59,22.59,22.59,300,0.0,0
2016-03-16,22.59,22.59,22.59,22.59,0,0.0,0
2016-03-17,23.11,23.97,23.11,23.23,1000,0.0,0
2016-03-18,23.69,23.69,23.69,23.69,300,0.0,0
2016-03-21,23.69,23.69,23.69,23.69,0,0.0,0
2016-03-22,23.69,23.69,23.69,23.69,400,0.0,0
2016-03-23,23.47,23.47,23.41,23.41,1600,0.0,0
2016-03-24,22.97,22.97,22.97,22.97,300,0.0,0
2016-03-28,22.97,22.97,22.97,22.97,0,0.0,0
2016-03-29,23.4,23.4,23.4,23.4,200,0.0,0
2016-03-30,23.4,23.4,23.4,23.4,0,0.0,0
2016-03-31,23.73,23.89,23.73,23.83,1100,0.0,0
2016-04-01,23.66,23.74,23.66,23.74,300,0.0,0
2016-04-04,23.81,23.83,23.81,23.83,500,0.0,0
2016-04-05,23.83,23.83,23.83,23.83,0,0.0,0
2016-04-06,23.5,23.79,23.5,23.79,1700,0.0,0
2016-04-07,23.38,23.39,23.38,23.39,500,0.0,0
2016-04-08,23.5,23.51,23.5,23.51,600,0.0,0
2016-04-11,23.84,23.86,23.84,23.86,1000,0.0,0
2016-04-12,23.72,24.0,23.72,23.97,2000,0.0,0
2016-04-13,24.49,24.6,24.49,24.57,1300,0.0,0
2016-04-14,24.51,24.51,24.51,24.51,600,0.0,0
2016-04-15,24.35,24.35,24.32,24.35,1800,0.0,0
2016-04-18,24.38,24.38,24.36,24.36,1000,0.0,0
2016-04-19,24.39,24.54,24.39,24.54,700,0.0,0
2016-04-20,23.98,23.98,23.93,23.96,3000,0.0,0
2016-04-21,23.83,23.84,23.82,23.83,1200,0.0,0
2016-04-22,23.89,23.89,23.71,23.71,1100,0.0,0
2016-04-25,23.62,23.62,23.6,23.6,300,0.0,0
2016-04-26,23.71,23.79,23.71,23.74,800,0.0,0
2016-04-27,23.64,23.64,23.64,23.64,200,0.0,0
2016-04-28,23.64,23.64,23.64,23.64,0,0.0,0
2016-04-29,23.41,23.46,23.34,23.34,2000,0.0,0
2016-05-02,23.43,23.43,23.37,23.38,1300,0.0,0
2016-05-03,23.41,23.41,23.41,23.41,300,0.0,0
2016-05-04,23.19,23.23,23.12,23.12,1500,0.0,0
2016-05-05,23.29,23.3,23.29,23.3,300,0.0,0
2016-05-06,22.84,22.87,22.8,22.83,1400,0.0,0
2016-05-09,22.52,22.52,22.33,22.34,1700,0.0,0
2016-05-10,22.46,22.67,22.46,22.67,3400,0.0,0
2016-05-11,22.51,22.53,22.47,22.47,2300,0.0,0
2016-05-12,22.47,22.47,22.47,22.47,0,0.0,0
2016-05-13,22.37,22.37,22.14,22.14,900,0.0,0
2016-05-16,22.14,22.14,22.14,22.14,100,0.0,0
2016-05-17,22.14,22.14,22.14,22.14,0,0.0,0
2016-05-18,22.27,22.44,22.27,22.44,600,0.0,0
2016-05-19,22.44,22.44,22.44,22.44,100,0.0,0
2016-05-20,22.48,22.49,22.47,22.47,1900,0.0,0
2016-05-23,22.47,22.47,22.47,22.47,0,0.0,0
2016-05-24,22.47,22.47,22.47,22.47,0,0.0,0
2016-05-25,22.82,22.83,22.72,22.72,800,0.0,0
2016-05-26,22.76,22.8,22.76,22.8,400,0.0,0
2016-05-27,22.8,22.8,22.8,22.8,0,0.0,0
2016-05-31,23.49,23.65,23.49,23.65,3700,0.0,0
2016-06-01,23.18,23.4,23.18,23.38,800,0.0,0
2016-06-02,23.48,23.48,23.48,23.48,200,0.0,0
2016-06-03,23.54,23.62,23.54,23.62,1300,0.0,0
2016-06-06,23.75,23.83,23.75,23.81,700,0.0,0
2016-06-07,23.83,23.91,23.83,23.87,2300,0.0,0
2016-06-08,23.75,23.76,23.75,23.76,200,0.0,0
2016-06-09,23.59,23.65,23.57,23.65,1200,0.0,0
2016-06-10,23.17,23.21,23.13,23.13,1000,0.0,0
2016-06-13,22.73,22.74,22.6,22.6,1400,0.0,0
2016-06-14,22.64,22.77,22.64,22.77,700,0.0,0
2016-06-15,22.77,22.77,22.77,22.77,0,0.0,0
2016-06-16,22.66,22.97,22.66,22.97,600,0.0,0
2016-06-17,22.87,22.93,22.86,22.93,3200,0.0,0
2016-06-20,22.93,22.93,22.93,22.93,0,0.0,0
2016-06-21,22.93,22.93,22.93,22.93,0,0.0,0
2016-06-22,23.51,23.52,23.43,23.43,700,0.0,0
2016-06-23,23.43,23.43,23.43,23.43,0,0.0,0
2016-06-24,22.91,22.91,22.78,22.78,107500,0.0,0
2016-06-27,22.67,22.73,22.58,22.58,800,0.0,0
2016-06-28,23.12,23.12,23.12,23.12,200,0.0,0
2016-06-29,23.49,23.49,23.49,23.49,300,0.0,0
2016-06-30,23.73,23.73,23.73,23.73,100,0.0,0
2016-07-01,23.75,23.78,23.75,23.78,1400,0.0,0
2016-07-05,23.78,23.78,23.78,23.78,0,0.0,0
2016-07-06,23.78,23.78,23.78,23.78,100,0.0,0
2016-07-07,23.78,23.78,23.78,23.78,100,0.0,0
2016-07-08,23.78,23.78,23.78,23.78,100,0.0,0
2016-07-11,24.04,24.04,24.04,24.04,700,0.0,0
2016-07-12,24.53,24.53,24.53,24.53,300,0.0,0
2016-07-13,24.51,24.51,24.51,24.51,200,0.0,0
2016-07-14,24.6,24.6,24.58,24.6,1400,0.0,0
2016-07-15,24.6,24.6,24.52,24.52,600,0.0,0
2016-07-18,24.5,24.5,24.5,24.5,200,0.0,0
2016-07-19,24.32,24.32,24.31,24.31,200,0.0,0
2016-07-20,24.55,24.55,24.54,24.55,300,0.0,0
2016-07-21,24.62,24.62,24.62,24.62,200,0.0,0
2016-07-22,24.62,24.62,24.62,24.62,0,0.0,0
2016-07-25,24.49,24.49,24.49,24.49,100,0.0,0
2016-07-26,24.49,24.49,24.49,24.49,0,0.0,0
2016-07-27,24.51,24.51,24.45,24.45,300,0.0,0
2016-07-28,24.45,24.45,24.45,24.45,0,0.0,0
2016-07-29,24.33,24.43,24.33,24.43,1400,0.0,0
2016-08-01,24.28,24.28,24.28,24.28,400,0.0,0
2016-08-02,24.24,24.24,24.2,24.2,400,0.0,0
2016-08-03,24.33,24.33,24.33,24.33,300,0.0,0
2016-08-04,24.33,24.33,24.33,24.33,0,0.0,0
2016-08-05,24.63,24.63,24.63,24.63,100,0.0,0
2016-08-08,24.63,24.63,24.63,24.63,0,0.0,0
2016-08-09,25.0,25.06,25.0,25.06,400,0.0,0
2016-08-10,25.06,25.06,25.06,25.06,0,0.0,0
2016-08-11,25.12,25.21,25.11,25.21,900,0.0,0
2016-08-12,25.52,25.52,25.52,25.52,200,0.0,0
2016-08-15,25.52,25.52,25.52,25.52,0,0.0,0
2016-08-16,26.12,26.13,26.12,26.13,600,0.0,0
2016-08-17,25.98,25.98,25.87,25.88,900,0.0,0
2016-08-18,25.88,25.88,25.88,25.88,0,0.0,0
2016-08-19,25.88,25.88,25.88,25.88,0,0.0,0
2016-08-22,25.88,25.88,25.88,25.88,0,0.0,0
2016-08-23,25.88,25.88,25.88,25.88,0,0.0,0
2016-08-24,25.7,25.7,25.7,25.7,100,0.0,0
2016-08-25,25.46,25.58,25.46,25.57,1100,0.0,0
2016-08-26,25.57,25.57,25.57,25.57,0,0.0,0
2016-08-29,25.57,25.57,25.57,25.57,0,0.0,0
2016-08-30,25.57,25.57,25.57,25.57,0,0.0,0
2016-08-31,25.72,25.72,25.62,25.67,1500,0.0,0
2016-09-01,25.71,25.71,25.7,25.7,800,0.0,0
2016-09-02,25.99,25.99,25.97,25.99,1800,0.0,0
2016-09-06,26.49,26.49,26.49,26.49,800,0.0,0
2016-09-07,26.49,26.49,26.49,26.49,100,0.0,0
2016-09-08,26.49,26.49,26.49,26.49,100,0.0,0
2016-09-09,26.24,26.24,25.98,26.04,14600,0.0,0
2016-09-12,25.6,26.05,25.57,26.05,6100,0.0,0
2016-09-13,25.75,25.75,25.75,25.75,200,0.0,0
2016-09-14,25.77,25.77,25.64,25.64,300,0.0,0
2016-09-15,25.87,26.03,25.87,26.03,14800,0.0,0
2016-09-16,26.03,26.03,26.03,26.03,0,0.0,0
2016-09-19,26.0,26.1,26.0,26.01,2500,0.0,0
2016-09-20,26.04,26.05,25.98,26.0,1000,0.0,0
2016-09-21,26.18,26.2,26.15,26.15,2300,0.0,0
2016-09-22,26.54,26.59,26.52,26.59,2000,0.0,0
2016-09-23,26.25,26.29,26.25,26.29,1500,0.0,0
2016-09-26,25.79,25.8,25.73,25.74,3200,0.0,0
2016-09-27,25.95,26.03,25.95,26.0,5800,0.0,0
2016-09-28,26.0,26.14,25.94,26.03,1400,0.0,0
2016-09-29,26.04,26.04,26.04,26.04,200,0.0,0
2016-09-30,26.08,26.08,26.08,26.08,300,0.0,0
2016-10-03,26.01,26.01,26.0,26.0,800,0.0,0
2016-10-04,26.0,26.0,26.0,26.0,0,0.0,0
2016-10-05,26.26,26.27,26.26,26.27,400,0.0,0
2016-10-06,26.27,26.27,26.27,26.27,0,0.0,0
2016-10-07,26.27,26.27,26.27,26.27,0,0.0,0
2016-10-10,26.27,26.27,26.27,26.27,0,0.0,0
2016-10-11,26.12,26.12,26.07,26.08,1000,0.0,0
2016-10-12,26.08,26.08,26.08,26.08,0,0.0,0
2016-10-13,25.58,25.74,25.58,25.74,1600,0.0,0
2016-10-14,25.74,25.74,25.74,25.74,0,0.0,0
2016-10-17,25.62,25.75,25.62,25.75,700,0.0,0
2016-10-18,25.75,25.75,25.75,25.75,0,0.0,0
2016-10-19,26.13,26.13,26.13,26.13,200,0.0,0
2016-10-20,26.13,26.13,26.13,26.13,0,0.0,0
2016-10-21,26.13,26.13,26.13,26.13,0,0.0,0
2016-10-24,25.98,25.98,25.98,25.98,100,0.0,0
2016-10-25,25.98,25.98,25.98,25.98,0,0.0,0
2016-10-26,26.02,26.02,26.02,26.02,100,0.0,0
2016-10-27,26.02,26.02,26.02,26.02,0,0.0,0
2016-10-28,25.85,25.85,25.85,25.85,200,0.0,0
2016-10-31,25.85,25.85,25.85,25.85,0,0.0,0
2016-11-01,25.77,25.78,25.77,25.78,1400,0.0,0
2016-11-02,25.78,25.78,25.78,25.78,0,0.0,0
2016-11-03,25.54,25.54,25.53,25.53,300,0.0,0
2016-11-04,25.53,25.53,25.53,25.53,0,0.0,0
2016-11-07,25.53,25.53,25.53,25.53,0,0.0,0
2016-11-08,25.66,25.98,25.66,25.98,800,0.0,0
2016-11-09,25.6,25.67,25.53,25.55,1100,0.0,0
2016-11-10,25.54,25.54,25.32,25.32,500,0.0,0
2016-11-11,25.14,25.14,25.14,25.14,400,0.0,0
2016-11-14,25.15,25.15,25.08,25.08,1000,0.0,0
2016-11-15,25.31,25.32,25.31,25.32,200,0.0,0
2016-11-16,25.19,25.19,25.19,25.19,100,0.0,0
2016-11-17,25.19,25.19,25.19,25.19,0,0.0,0
2016-11-18,25.19,25.19,25.19,25.19,0,0.0,0
2016-11-21,25.4,25.4,25.4,25.4,400,0.0,0
2016-11-22,25.63,25.63,25.6,25.6,1100,0.0,0
2016-11-23,25.51,25.51,25.51,25.51,600,0.0,0
2016-11-25,25.51,25.51,25.51,25.51,0,0.0,0
2016-11-28,25.86,26.02,25.86,26.02,2900,0.0,0
2016-11-29,26.02,26.02,26.02,26.02,0,0.0,0
2016-11-30,26.08,26.08,26.07,26.07,300,0.0,0
2016-12-01,26.08,26.09,26.03,26.05,1300,0.0,0
2016-12-02,26.05,26.05,26.05,26.05,0,0.0,0
2016-12-05,26.05,26.05,26.05,26.05,100,0.0,0
2016-12-06,25.52,25.52,25.52,25.52,200,0.0,0
2016-12-07,25.75,25.79,25.75,25.79,400,0.0,0
2016-12-08,25.7,25.7,25.7,25.7,1900,0.0,0
2016-12-09,25.68,25.72,25.68,25.72,500,0.0,0
2016-12-12,25.41,25.41,25.0,25.0,4600,0.0,0
2016-12-13,25.22,25.25,25.22,25.25,700,0.0,0
2016-12-14,25.05,25.05,25.05,25.05,200,0.0,0
2016-12-15,24.36,24.63,24.36,24.63,600,0.0,0
2016-12-16,24.55,24.55,24.45,24.45,400,0.0,0
2016-12-19,24.35,24.46,24.35,24.46,800,0.0,0
2016-12-20,24.4,24.41,24.4,24.41,500,0.0,0
2016-12-21,24.51,24.51,24.44,24.44,1900,0.0,0
2016-12-22,24.44,24.44,24.44,24.44,0,0.0,0
2016-12-23,24.2,24.2,24.1,24.12,1100,0.0,0
2016-12-27,24.32,24.32,24.16,24.23,2900,2.989,0
2016-12-28,24.3,24.3,24.25,24.25,1900,0.0,0
2016-12-29,24.5,24.5,24.48,24.5,4300,0.0,0
2016-12-30,24.45,24.46,24.43,24.43,600,0.0,0
2017-01-03,24.75,24.75,24.62,24.62,900,0.0,0
2017-01-04,25.03,25.1,25.03,25.08,1100,0.0,0
2017-01-05,25.37,25.44,25.37,25.44,1500,0.0,0
2017-01-06,25.46,25.46,25.22,25.28,3800,0.0,0
2017-01-09,25.29,25.3,25.29,25.3,400,0.0,0
2017-01-10,25.51,25.62,25.49,25.62,1200,0.0,0
2017-01-11,25.55,25.55,25.39,25.43,700,0.0,0
2017-01-12,25.39,25.45,25.37,25.44,900,0.0,0
2017-01-13,25.5,25.57,25.5,25.57,4000,0.0,0
2017-01-17,25.54,25.57,25.51,25.51,1300,0.0,0
2017-01-18,25.63,25.63,25.61,25.61,200,0.0,0
2017-01-19,25.61,25.61,25.61,25.61,0,0.0,0
2017-01-20,25.63,25.66,25.63,25.66,200,0.0,0
2017-01-23,25.74,25.86,25.72,25.86,700,0.0,0
2017-01-24,25.86,25.86,25.86,25.86,0,0.0,0
2017-01-25,26.03,26.11,26.03,26.11,900,0.0,0
2017-01-26,26.12,26.12,26.12,26.12,100,0.0,0
2017-01-27,26.11,26.12,26.11,26.12,2400,0.0,0
2017-01-30,25.99,26.07,25.99,26.07,7100,0.0,0
2017-01-31,26.08,26.09,26.08,26.09,300,0.0,0
2017-02-01,26.11,26.11,26.11,26.11,100,0.0,0
2017-02-02,26.2,26.2,26.14,26.14,600,0.0,0
2017-02-03,26.11,26.11,26.11,26.11,500,0.0,0
2017-02-06,26.21,26.21,26.21,26.21,100,0.0,0
2017-02-07,26.08,26.08,26.07,26.07,900,0.0,0
2017-02-08,26.07,26.07,26.07,26.07,0,0.0,0
2017-02-09,26.07,26.07,26.07,26.07,0,0.0,0
2017-02-10,26.59,26.59,26.57,26.57,900,0.0,0
2017-02-13,26.57,26.57,26.57,26.57,0,0.0,0
2017-02-14,26.6,26.6,26.6,26.6,500,0.0,0
2017-02-15,26.83,26.83,26.77,26.82,600,0.0,0
2017-02-16,26.98,26.98,26.91,26.91,800,0.0,0
2017-02-17,26.75,26.75,26.73,26.73,900,0.0,0
2017-02-21,27.05,27.11,27.05,27.08,2500,0.0,0
2017-02-22,27.26,27.28,27.26,27.28,300,0.0,0
2017-02-23,27.42,27.42,27.28,27.28,1300,0.0,0
2017-02-24,27.28,27.28,27.28,27.28,0,0.0,0
2017-02-27,26.92,26.92,26.86,26.86,800,0.0,0
2017-02-28,26.96,26.96,26.89,26.89,1100,0.0,0
2017-03-01,27.0,27.0,27.0,27.0,100,0.0,0
2017-03-02,26.79,26.79,26.61,26.63,900,0.0,0
2017-03-03,26.63,26.63,26.63,26.63,0,0.0,0
2017-03-06,26.63,26.63,26.63,26.63,0,0.0,0
2017-03-07,26.81,26.81,26.81,26.81,400,0.0,0
2017-03-08,26.81,26.81,26.81,26.81,100,0.0,0
2017-03-09,26.81,26.81,26.81,26.81,0,0.0,0
2017-03-10,26.81,26.81,26.81,26.81,0,0.0,0
2017-03-13,26.89,26.89,26.89,26.89,400,0.0,0
2017-03-14,26.89,26.94,26.87,26.88,19200,0.0,0
2017-03-15,26.96,27.05,26.96,27.05,1100,0.0,0
2017-03-16,27.05,27.05,27.05,27.05,0,0.0,0
2017-03-17,27.31,27.31,27.31,27.31,100,0.0,0
2017-03-20,27.31,27.31,27.31,27.31,0,0.0,0
2017-03-21,27.39,27.39,27.31,27.31,8900,0.0,0
2017-03-22,27.28,27.38,27.23,27.38,1200,0.0,0
2017-03-23,27.38,27.38,27.38,27.38,0,0.0,0
2017-03-24,27.63,27.63,27.52,27.52,600,0.0,0
2017-03-27,27.52,27.52,27.52,27.52,0,0.0,0
2017-03-28,27.52,27.52,27.52,27.52,0,0.0,0
2017-03-29,27.37,27.38,27.37,27.38,700,0.0,0
2017-03-30,27.38,27.38,27.38,27.38,0,0.0,0
2017-03-31,27.14,27.14,27.14,27.14,200,0.0,0
2017-04-03,27.28,27.28,27.28,27.28,200,0.0,0
2017-04-04,27.28,27.28,27.28,27.28,0,0.0,0
2017-04-05,27.28,27.28,27.28,27.28,0,0.0,0
2017-04-06,27.51,27.51,27.49,27.49,700,0.0,0
2017-04-07,27.49,27.57,27.49,27.57,500,0.0,0
2017-04-10,27.41,27.41,27.41,27.41,100,0.0,0
2017-04-11,27.41,27.41,27.41,27.41,0,0.0,0
2017-04-12,27.37,27.42,27.37,27.42,300,0.0,0
2017-04-13,27.42,27.42,27.42,27.42,200,0.0,0
2017-04-17,27.41,27.41,27.41,27.41,100,0.0,0
2017-04-18,27.09,27.09,27.05,27.05,700,0.0,0
2017-04-19,27.06,27.07,27.06,27.07,900,0.0,0
2017-04-20,27.07,27.07,27.07,27.07,0,0.0,0
2017-04-21,27.2,27.22,27.2,27.22,500,0.0,0
2017-04-24,27.22,27.22,27.22,27.22,0,0.0,0
2017-04-25,27.45,27.49,27.45,27.47,500,0.0,0
2017-04-26,27.47,27.47,27.47,27.47,0,0.0,0
2017-04-27,27.47,27.47,27.47,27.47,0,0.0,0
2017-04-28,27.54,27.54,27.54,27.54,800,0.0,0
2017-05-01,27.54,27.54,27.54,27.54,0,0.0,0
2017-05-02,27.58,27.58,27.58,27.58,1700,0.0,0
2017-05-03,27.26,27.26,27.26,27.26,600,0.0,0
2017-05-04,27.04,27.04,27.03,27.03,500,0.0,0
2017-05-05,26.98,26.98,26.93,26.93,900,0.0,0
2017-05-08,27.0,27.0,26.87,26.94,7000,0.0,0
2017-05-09,27.24,27.25,27.21,27.22,1700,0.0,0
2017-05-10,27.23,27.27,27.22,27.27,2700,0.0,0
2017-05-11,27.38,27.38,27.18,27.18,1700,0.0,0
2017-05-12,27.52,27.52,27.52,27.52,300,0.0,0
2017-05-15,27.67,27.7,27.67,27.7,700,0.0,0
2017-05-16,27.89,27.92,27.88,27.92,3500,0.0,0
2017-05-17,27.68,27.68,27.68,27.68,1100,0.0,0
2017-05-18,27.42,27.63,27.42,27.61,2200,0.0,0
2017-05-19,27.86,27.9,27.85,27.87,2200,0.0,0
2017-05-22,27.97,28.06,27.97,28.03,2000,0.0,0
2017-05-23,28.07,28.07,27.94,27.94,3200,0.0,0
2017-05-24,27.89,27.95,27.89,27.94,2600,0.0,0
2017-05-25,28.57,28.57,28.31,28.46,13800,0.0,0
2017-05-26,28.48,28.48,28.41,28.44,1200,0.0,0
2017-05-30,28.37,28.49,28.37,28.49,1700,0.0,0
2017-05-31,28.6,28.6,28.37,28.37,2700,0.0,0
2017-06-01,28.54,28.59,28.54,28.59,400,0.0,0
2017-06-02,28.56,28.56,28.56,28.56,100,0.0,0
2017-06-05,28.51,28.51,28.51,28.51,200,0.0,0
2017-06-06,28.59,28.76,28.59,28.76,5200,0.0,0
2017-06-07,28.89,28.9,28.84,28.84,2100,0.0,0
2017-06-08,29.22,29.32,29.2,29.32,1500,0.0,0
2017-06-09,29.36,29.36,29.24,29.24,1400,0.0,0
2017-06-12,28.82,29.01,28.82,28.87,5800,0.0,0
2017-06-13,29.09,29.09,29.05,29.07,1900,0.0,0
2017-06-14,29.07,29.07,28.97,28.99,5500,0.0,0
2017-06-15,28.58,28.6,28.58,28.6,700,0.0,0
2017-06-16,28.57,28.57,28.57,28.57,400,0.0,0
2017-06-19,29.03,29.1,29.01,29.1,2200,0.0,0
2017-06-20,29.01,29.01,28.89,28.9,1900,0.0,0
2017-06-21,29.13,29.13,29.09,29.09,100,0.0,0
2017-06-22,29.29,29.29,29.19,29.26,2300,0.0,0
2017-06-23,29.35,29.38,29.31,29.38,1000,0.0,0
2017-06-26,29.72,29.72,29.56,29.67,3400,0.0,0
2017-06-27,29.61,29.61,29.51,29.51,1900,0.0,0
2017-06-28,29.49,29.6,29.49,29.6,1500,0.0,0
2017-06-29,29.6,29.6,29.31,29.34,1900,0.0,0
2017-06-30,29.56,29.6,29.48,29.59,7300,0.0,0
2017-07-03,29.85,29.85,29.55,29.57,1200,0.0,0
2017-07-05,29.48,29.58,29.48,29.58,2100,0.0,0
2017-07-06,29.39,29.44,29.35,29.35,3700,0.0,0
2017-07-07,29.33,29.44,29.33,29.41,1600,0.0,0
2017-07-10,29.14,29.48,29.14,29.45,2300,0.0,0
2017-07-11,29.85,29.88,29.73,29.88,2000,0.0,0
2017-07-12,30.07,30.24,30.07,30.24,4100,0.0,0
2017-07-13,30.29,30.29,30.27,30.28,1000,0.0,0
2017-07-14,30.57,30.7,30.57,30.7,9900,0.0,0
2017-07-17,30.44,30.44,30.27,30.31,5600,0.0,0
2017-07-18,30.31,30.43,30.3,30.43,2300,0.0,0
2017-07-19,30.87,30.94,30.87,30.94,2300,0.0,0
2017-07-20,31.05,31.05,30.93,30.93,2400,0.0,0
2017-07-21,30.9,30.9,30.83,30.89,4300,0.0,0
2017-07-24,31.09,31.09,31.01,31.03,1100,0.0,0
2017-07-25,31.06,31.06,30.96,30.96,2800,0.0,0
2017-07-26,30.83,31.05,30.83,31.05,1000,0.0,0
2017-07-27,31.28,31.32,30.99,31.01,3100,0.0,0
2017-07-28,31.31,31.38,31.17,31.38,1200,0.0,0
2017-07-31,31.7,31.7,31.53,31.57,5600,0.0,0
2017-08-01,31.97,31.97,31.73,31.81,18100,0.0,0
2017-08-02,31.78,31.78,31.5,31.58,3700,0.0,0
2017-08-03,31.39,31.51,31.37,31.48,2200,0.0,0
2017-08-04,31.5,31.5,31.41,31.45,7100,0.0,0
2017-08-07,31.72,31.77,31.63,31.77,6400,0.0,0
2017-08-08,31.95,32.08,31.95,32.0,9800,0.0,0
2017-08-09,31.96,32.0,31.82,32.0,12500,0.0,0
2017-08-10,31.71,31.71,31.2,31.2,19000,0.0,0
2017-08-11,30.9,30.96,30.83,30.96,2900,0.0,0
2017-08-14,31.44,31.44,31.34,31.42,1600,0.0,0
2017-08-15,31.42,31.42,31.31,31.33,7100,0.0,0
2017-08-16,31.67,31.77,31.67,31.72,7900,0.0,0
2017-08-17,31.8,31.8,31.56,31.56,900,0.0,0
2017-08-18,31.56,31.56,31.56,31.56,0,0.0,0
2017-08-21,31.78,31.93,31.78,31.92,16800,0.0,0
2017-08-22,32.12,32.26,32.08,32.21,10200,0.0,0
2017-08-23,32.11,32.33,32.11,32.3,5600,0.0,0
2017-08-24,32.25,32.25,32.18,32.22,1500,0.0,0
2017-08-25,32.66,32.73,32.61,32.64,1500,0.0,0
2017-08-28,33.01,33.01,32.7,32.78,61800,0.0,0
2017-08-29,32.69,32.84,32.56,32.79,18300,0.0,0
2017-08-30,32.84,32.95,32.83,32.92,11000,0.0,0
2017-08-31,32.98,33.05,32.92,33.01,19400,0.0,0
2017-09-01,33.15,33.21,33.05,33.2,17000,0.0,0
2017-09-05,33.14,33.19,32.94,33.02,26400,0.0,0
2017-09-06,33.16,33.17,33.04,33.13,67600,0.0,0
2017-09-07,33.28,33.28,33.14,33.26,69100,0.0,0
2017-09-08,33.38,33.38,33.1,33.1,35800,0.0,0
2017-09-11,33.39,33.48,33.32,33.43,34800,0.0,0
2017-09-12,33.45,33.56,33.43,33.54,11800,0.0,0
2017-09-13,33.53,33.6,33.51,33.56,21000,0.0,0
2017-09-14,33.47,33.49,33.38,33.41,8900,0.0,0
2017-09-15,33.55,33.65,33.48,33.64,28200,0.0,0
2017-09-18,33.8,33.87,33.76,33.87,18400,0.0,0
2017-09-19,33.78,33.78,33.67,33.74,13900,0.0,0
2017-09-20,33.96,33.96,33.74,33.82,15600,0.0,0
2017-09-21,33.8,33.85,33.72,33.79,10300,0.0,0
2017-09-22,33.66,33.66,33.55,33.58,17800,0.0,0
2017-09-25,33.17,33.17,32.64,32.71,36700,0.0,0
2017-09-26,33.05,33.05,32.79,32.85,12100,0.0,0
2017-09-27,33.02,33.02,32.9,33.0,12300,0.0,0
2017-09-28,32.83,32.91,32.73,32.82,10100,0.0,0
2017-09-29,32.97,33.22,32.97,33.21,8900,0.0,0
2017-10-02,33.41,33.47,33.34,33.35,14800,0.0,0
2017-10-03,33.89,34.09,33.89,34.09,22400,0.0,0
2017-10-04,34.17,34.21,34.12,34.16,7900,0.0,0
2017-10-05,34.25,34.39,34.21,34.38,15100,0.0,0
2017-10-06,34.24,34.29,34.15,34.26,7700,0.0,0
2017-10-09,33.96,34.17,33.96,34.16,12100,0.0,0
2017-10-10,34.26,34.56,34.26,34.5,288800,0.0,0
2017-10-11,34.34,34.45,34.32,34.45,12500,0.0,0
2017-10-12,34.46,34.46,34.36,34.37,81000,0.0,0
2017-10-13,34.5,34.65,34.5,34.59,4700,0.0,0
2017-10-16,34.51,34.59,34.51,34.59,12200,0.0,0
2017-10-17,34.51,34.51,34.31,34.35,8700,0.0,0
2017-10-18,34.56,34.67,34.47,34.62,15200,0.0,0
2017-10-19,34.14,34.14,33.97,34.09,13500,0.0,0
2017-10-20,34.29,34.36,34.28,34.3,4400,0.0,0
2017-10-23,34.32,34.32,34.05,34.05,11900,0.0,0
2017-10-24,34.09,34.3,34.09,34.19,10700,0.0,0
2017-10-25,34.38,34.38,33.95,34.15,9300,0.0,0
2017-10-26,34.29,34.34,34.2,34.2,5500,0.0,0
2017-10-27,34.28,34.51,34.26,34.51,7000,0.0,0
2017-10-30,34.21,34.3,34.09,34.23,17400,0.0,0
2017-10-31,34.35,34.51,34.35,34.51,10100,0.0,0
2017-11-01,34.76,34.76,34.64,34.68,8100,0.0,0
2017-11-02,34.6,34.64,34.55,34.59,3700,0.0,0
2017-11-03,34.6,34.6,34.47,34.59,8100,0.0,0
2017-11-06,34.71,35.01,34.71,34.92,13700,0.0,0
2017-11-07,35.16,35.16,35.13,35.15,5100,0.0,0
2017-11-08,35.2,35.21,35.12,35.18,8000,0.0,0
2017-11-09,35.24,35.24,34.92,35.16,8800,0.0,0
2017-11-10,35.35,35.43,35.34,35.43,5800,0.0,0
2017-11-13,35.34,35.53,35.34,35.5,13700,0.0,0
2017-11-14,35.39,35.39,35.07,35.12,9700,0.0,0
2017-11-15,34.77,34.94,34.69,34.86,6400,0.0,0
2017-11-16,35.36,35.6,35.29,35.54,12400,0.0,0
2017-11-17,35.42,35.42,35.38,35.42,3500,0.0,0
2017-11-20,35.68,35.74,35.61,35.74,12400,0.0,0
2017-11-21,36.37,36.54,36.37,36.49,8700,0.0,0
2017-11-22,36.52,36.52,36.38,36.48,10200,0.0,0
2017-11-24,35.94,36.02,35.81,35.96,38900,0.0,0
2017-11-27,35.55,35.55,35.35,35.39,28300,0.0,0
2017-11-28,35.51,35.57,35.41,35.55,20100,0.0,0
2017-11-29,35.32,35.32,34.68,34.85,40900,0.0,0
2017-11-30,34.75,34.75,34.64,34.66,10300,0.0,0
2017-12-01,34.46,34.46,33.95,34.21,24900,0.0,0
2017-12-04,34.54,34.58,34.24,34.28,10900,0.0,0
2017-12-05,34.05,34.37,34.05,34.24,6500,0.0,0
2017-12-06,33.59,33.77,33.58,33.74,28400,0.0,0
2017-12-07,33.51,33.81,33.51,33.76,7100,0.0,0
2017-12-08,34.25,34.31,34.24,34.31,5600,0.0,0
2017-12-11,34.56,34.85,34.56,34.83,12300,0.0,0
2017-12-12,34.4,34.4,34.2,34.3,15100,0.0,0
2017-12-13,34.77,34.9,34.75,34.89,5600,0.0,0
2017-12-14,34.54,34.64,34.54,34.56,6600,0.0,0
2017-12-15,34.22,34.4,34.22,34.33,6600,0.0,0
2017-12-18,34.44,34.58,34.44,34.54,6800,0.0,0
2017-12-19,34.7,34.7,34.55,34.57,4600,0.0,0
2017-12-20,34.57,34.62,34.49,34.58,11100,0.0,0
2017-12-21,35.1,35.2,35.1,35.16,5600,0.0,0
2017-12-22,35.17,35.24,35.14,35.24,7700,0.0,0
2017-12-26,35.32,35.36,35.06,35.17,15700,0.302,0
2017-12-27,34.81,34.87,34.66,34.68,82900,0.0,0
2017-12-28,35.05,35.12,34.9,34.91,32700,0.0,0
2017-12-29,35.09,35.15,35.05,35.1,17400,0.0,0
2018-01-02,35.87,35.97,35.75,35.97,36400,0.0,0
2018-01-03,36.29,36.42,36.29,36.41,20600,0.0,0
2018-01-04,36.56,36.71,35.73,36.63,10100,0.0,0
2018-01-05,36.74,36.87,36.68,36.87,6000,0.0,0
2018-01-08,36.95,37.03,36.95,37.02,15300,0.0,0
2018-01-09,37.11,37.11,36.9,37.0,7600,0.0,0
2018-01-10,36.93,36.99,36.88,36.92,9600,0.0,0
2018-01-11,36.94,37.14,36.94,37.1,3600,0.0,0
2018-01-12,37.43,37.62,37.43,37.62,4100,0.0,0
2018-01-16,37.68,37.86,37.38,37.46,13700,0.0,0
2018-01-17,37.56,37.86,37.56,37.82,7200,0.0,0
2018-01-18,37.81,37.95,37.81,37.9,3400,0.0,0
2018-01-19,38.15,38.35,38.15,38.35,4100,0.0,0
2018-01-22,38.58,38.68,38.44,38.68,3800,0.0,0
2018-01-23,38.95,39.17,38.88,39.17,7600,0.0,0
2018-01-24,39.4,39.53,39.3,39.36,5100,0.0,0
2018-01-25,39.18,39.32,38.95,39.13,7000,0.0,0
2018-01-26,39.62,39.87,39.62,39.83,6400,0.0,0
2018-01-29,39.16,39.16,38.9,39.05,9700,0.0,0
2018-01-30,38.68,38.68,38.36,38.5,10800,0.0,0
2018-01-31,39.05,39.05,38.77,38.88,4300,0.0,0
2018-02-01,38.32,38.47,38.18,38.24,24100,0.0,0
2018-02-02,38.3,38.3,37.8,37.8,6400,0.0,0
2018-02-05,37.94,38.31,35.91,36.94,15100,0.0,0
2018-02-06,36.28,37.65,36.24,37.41,10200,0.0,0
2018-02-07,36.24,36.54,35.91,35.91,7700,0.0,0
2018-02-08,35.8,35.8,34.56,34.56,10600,0.0,0
2018-02-09,34.31,34.37,33.03,34.2,17600,0.0,0
2018-02-12,34.76,35.09,34.67,35.09,5300,0.0,0
2018-02-13,35.08,35.39,35.08,35.39,11200,0.0,0
2018-02-14,35.48,36.29,35.48,36.29,9600,0.0,0
2018-02-15,37.0,37.06,36.83,37.06,3800,0.0,0
2018-02-16,37.06,37.27,37.06,37.08,3900,0.0,0
2018-02-20,36.46,36.73,36.46,36.64,4600,0.0,0
2018-02-21,37.22,37.49,37.22,37.41,2300,0.0,0
2018-02-22,37.09,37.17,36.94,36.94,2700,0.0,0
2018-02-23,37.12,37.35,37.08,37.35,3000,0.0,0
2018-02-26,37.59,37.87,37.52,37.87,6800,0.0,0
2018-02-27,37.2,37.2,36.57,36.57,5500,0.0,0
2018-02-28,36.57,36.58,36.26,36.41,81800,0.0,0
2018-03-01,36.68,36.74,36.03,36.21,11900,0.0,0
2018-03-02,35.73,36.29,35.69,36.29,2800,0.0,0
2018-03-05,35.9,36.43,35.9,36.43,4400,0.0,0
2018-03-06,36.85,36.9,36.65,36.81,37700,0.0,0
2018-03-07,36.67,36.79,36.51,36.79,5400,0.0,0
2018-03-08,37.05,37.05,36.91,37.01,14100,0.0,0
2018-03-09,37.48,37.84,37.48,37.83,19300,0.0,0
2018-03-12,37.94,37.94,37.81,37.89,5100,0.0,0
2018-03-13,37.87,37.87,37.4,37.4,4300,0.0,0
2018-03-14,37.56,37.56,37.28,37.28,3500,0.0,0
2018-03-15,37.79,37.95,37.72,37.8,4100,0.0,0
2018-03-16,37.66,37.67,37.64,37.67,3400,0.0,0
2018-03-19,37.61,37.61,37.21,37.21,800,0.0,0
2018-03-20,37.8,37.91,37.8,37.86,2000,0.0,0
2018-03-21,37.41,37.52,37.41,37.52,2700,0.0,0
2018-03-22,36.5,36.54,36.03,36.03,10200,0.0,0
2018-03-23,35.73,35.8,35.21,35.21,10300,0.0,0
2018-03-26,36.05,36.22,35.79,36.22,8700,0.0,0
2018-03-27,36.61,36.61,35.78,35.78,8700,0.0,0
2018-03-28,35.52,35.52,35.25,35.36,8000,0.0,0
2018-03-29,35.97,36.25,35.97,36.19,5300,0.0,0
2018-04-02,36.08,36.08,34.93,35.21,5900,0.0,0
2018-04-03,35.51,35.73,35.43,35.73,6000,0.0,0
2018-04-04,34.79,35.8,34.54,35.8,5400,0.0,0
2018-04-05,35.95,36.04,35.88,35.88,6500,0.0,0
2018-04-06,35.47,35.62,34.95,34.95,6400,0.0,0
2018-04-09,35.29,35.68,35.29,35.49,14100,0.0,0
2018-04-10,36.25,36.25,36.21,36.24,1400,0.0,0
2018-04-11,36.33,36.42,36.31,36.31,7700,0.0,0
2018-04-12,36.25,36.4,36.25,36.4,1800,0.0,0
2018-04-13,35.94,35.94,35.58,35.58,3100,0.0,0
2018-04-16,35.18,35.33,35.18,35.31,2400,0.0,0
2018-04-17,35.27,35.54,35.27,35.47,11600,0.0,0
2018-04-18,35.16,35.47,35.16,35.47,2000,0.0,0
2018-04-19,35.75,35.75,35.41,35.5,11600,0.0,0
2018-04-20,35.0,35.0,34.81,34.87,3700,0.0,0
2018-04-23,34.84,34.99,34.78,34.78,11400,0.0,0
2018-04-24,35.45,35.53,35.07,35.17,9500,0.0,0
2018-04-25,34.99,34.99,34.71,34.9,6800,0.0,0
2018-04-26,34.84,34.99,34.81,34.99,3300,0.0,0
2018-04-27,34.91,35.03,34.76,35.01,6600,0.0,0
2018-04-30,35.31,35.38,35.1,35.1,12800,0.0,0
2018-05-01,34.93,35.01,34.75,35.01,4800,0.0,0
2018-05-02,35.15,35.15,34.86,34.88,8700,0.0,0
2018-05-03,34.62,35.02,34.61,35.01,5600,0.0,0
2018-05-04,34.7,35.27,34.67,35.27,3000,0.0,0
2018-05-07,35.11,35.44,35.11,35.34,6100,0.0,0
2018-05-08,35.62,35.86,35.62,35.78,69300,0.0,0
2018-05-09,35.92,36.01,35.86,35.99,5400,0.0,0
2018-05-10,36.25,36.59,36.25,36.56,3400,0.0,0
2018-05-11,36.43,36.44,36.37,36.38,4300,0.0,0
2018-05-14,36.75,36.86,36.75,36.8,4400,0.0,0
2018-05-15,36.22,36.22,36.09,36.12,1700,0.0,0
2018-05-16,36.56,36.71,36.55,36.71,2600,0.0,0
2018-05-17,36.46,36.46,36.27,36.27,2800,0.0,0
2018-05-18,36.26,36.27,36.21,36.22,2000,0.0,0
2018-05-21,36.67,36.67,36.51,36.55,5700,0.0,0
2018-05-22,36.62,36.67,36.49,36.51,5500,0.0,0
2018-05-23,35.94,36.13,35.94,36.13,5200,0.0,0
2018-05-24,35.94,36.0,35.89,35.95,5500,0.0,0
2018-05-25,35.78,35.9,35.78,35.85,1600,0.0,0
2018-05-29,35.68,35.68,35.18,35.24,3800,0.0,0
2018-05-30,35.25,35.43,35.25,35.43,3300,0.0,0
2018-05-31,35.64,35.74,35.6,35.69,9400,0.0,0
2018-06-01,35.85,36.03,35.85,36.0,1800,0.0,0
2018-06-04,36.12,36.36,36.12,36.36,3100,0.0,0
2018-06-05,36.64,36.66,36.53,36.54,3100,0.0,0
2018-06-06,36.72,36.95,36.7,36.95,4100,0.0,0
2018-06-07,36.84,36.84,36.52,36.52,4600,0.0,0
2018-06-08,36.12,36.4,36.12,36.38,4800,0.0,0
2018-06-11,36.39,36.43,36.37,36.42,1800,0.0,0
2018-06-12,36.57,36.59,36.51,36.55,4400,0.0,0
2018-06-13,36.38,36.38,36.16,36.16,1800,0.0,0
2018-06-14,36.27,36.27,36.08,36.09,3500,0.0,0
2018-06-15,35.76,35.76,35.31,35.73,2900,0.0,0
2018-06-18,35.29,35.32,35.13,35.23,7400,0.0,0
2018-06-19,34.45,34.48,34.21,34.48,5600,0.0,0
2018-06-20,34.61,34.63,34.53,34.54,6700,0.0,0
2018-06-21,34.29,34.29,33.89,33.89,3500,0.0,0
2018-06-22,34.24,34.27,34.14,34.21,6000,0.0,0
2018-06-25,33.74,33.74,33.14,33.2,3500,0.0,0
2018-06-26,33.26,33.3,33.11,33.24,5300,0.0,0
2018-06-27,32.85,32.93,32.19,32.22,6800,0.0,0
2018-06-28,32.17,32.25,32.09,32.24,34800,0.0,0
2018-06-29,32.72,33.0,32.72,32.93,4500,0.0,0
2018-07-02,31.97,32.07,31.92,32.01,9300,0.0,0
2018-07-03,32.53,32.53,32.24,32.24,2200,0.0,0
2018-07-05,32.13,32.13,31.71,31.78,12900,0.0,0
2018-07-06,31.77,32.27,31.77,32.18,10300,0.0,0
2018-07-09,32.61,33.02,32.61,32.98,6000,0.0,0
2018-07-10,32.78,32.81,32.73,32.78,2500,0.0,0
2018-07-11,32.45,32.45,32.3,32.3,900,0.0,0
2018-07-12,32.83,32.83,32.62,32.7,3800,0.0,0
2018-07-13,32.63,32.65,32.57,32.57,6000,0.0,0
2018-07-16,32.44,32.46,32.42,32.46,700,0.0,0
2018-07-17,32.27,32.47,32.26,32.45,15900,0.0,0
2018-07-18,32.19,32.26,32.18,32.26,2100,0.0,0
2018-07-19,31.76,31.91,31.72,31.79,13000,0.0,0
2018-07-20,32.32,32.32,32.27,32.3,3400,0.0,0
2018-07-23,32.17,32.25,32.15,32.25,10300,0.0,0
2018-07-24,32.96,33.02,32.89,32.92,3200,0.0,0
2018-07-25,33.13,33.29,33.04,33.29,3600,0.0,0
2018-07-26,32.63,32.83,32.63,32.74,6700,0.0,0
2018-07-27,32.78,32.79,32.44,32.51,4200,0.0,0
2018-07-30,32.61,32.61,32.27,32.28,3000,0.0,0
2018-07-31,32.29,32.58,32.21,32.56,5500,0.0,0
2018-08-01,31.81,31.86,31.5,31.57,15600,0.0,0
2018-08-02,30.9,31.08,30.85,31.08,56700,0.0,0
2018-08-03,30.99,31.04,30.98,31.03,4000,0.0,0
2018-08-06,30.52,30.62,30.52,30.59,5000,0.0,0
2018-08-07,31.23,31.43,31.23,31.38,5500,0.0,0
2018-08-08,31.09,31.09,30.9,31.05,54200,0.0,0
2018-08-09,31.52,31.74,31.52,31.55,5500,0.0,0
2018-08-10,31.08,31.25,31.08,31.12,3900,0.0,0
2018-08-13,31.13,31.17,30.93,30.95,6300,0.0,0
2018-08-14,30.73,30.73,30.55,30.7,5400,0.0,0
2018-08-15,29.39,29.42,29.15,29.32,6200,0.0,0
2018-08-16,29.96,30.09,29.88,29.88,16900,0.0,0
2018-08-17,29.5,30.19,29.5,30.19,7400,0.0,0
2018-08-20,30.2,30.31,30.18,30.31,6200,0.0,0
2018-08-21,30.79,30.84,30.78,30.81,4700,0.0,0
2018-08-22,30.84,30.86,30.83,30.85,2300,0.0,0
2018-08-23,30.82,30.82,30.39,30.39,8800,0.0,0
2018-08-24,30.57,30.89,30.57,30.84,4900,0.0,0
2018-08-27,31.32,31.63,31.32,31.61,1300,0.0,0
2018-08-28,31.55,31.55,31.3,31.34,3500,0.0,0
2018-08-29,31.26,31.44,31.26,31.44,2300,0.0,0
2018-08-30,30.96,30.96,30.47,30.47,2900,0.0,0
2018-08-31,30.59,30.66,30.45,30.66,6600,0.0,0
2018-09-04,30.72,30.72,30.41,30.43,3900,0.0,0
2018-09-05,30.04,30.04,29.73,29.73,4600,0.0,0
2018-09-06,29.72,29.85,29.49,29.66,6700,0.0,0
2018-09-07,29.45,29.66,29.32,29.45,6100,0.0,0
2018-09-10,29.25,29.25,29.05,29.06,4900,0.0,0
2018-09-11,28.64,28.87,28.49,28.86,4200,0.0,0
2018-09-12,28.72,29.4,28.72,29.35,5000,0.0,0
2018-09-13,29.69,29.86,29.69,29.86,5400,0.0,0
2018-09-14,29.8,29.8,29.35,29.45,6800,0.0,0
2018-09-17,29.33,29.33,29.11,29.16,4800,0.0,0
2018-09-18,29.43,29.65,29.17,29.63,3100,0.0,0
2018-09-19,30.09,30.24,30.09,30.23,700,0.0,0
2018-09-20,30.43,30.55,30.34,30.52,3500,0.0,0
2018-09-21,30.91,31.01,30.9,30.9,3200,0.0,0
2018-09-24,30.59,30.59,30.42,30.44,3400,0.0,0
2018-09-25,30.54,30.55,30.5,30.55,1800,0.0,0
2018-09-26,30.86,31.03,30.86,31.03,800,0.0,0
2018-09-27,30.71,30.75,30.59,30.74,2600,0.0,0
2018-09-28,30.69,30.69,30.58,30.61,1900,0.0,0
2018-10-01,30.6,30.75,30.6,30.65,5500,0.0,0
2018-10-02,30.12,30.12,29.99,30.12,1100,0.0,0
2018-10-03,30.15,30.15,29.91,29.91,20100,0.0,0
2018-10-04,29.51,29.54,29.12,29.12,3900,0.0,0
2018-10-05,29.21,29.32,29.02,29.03,4500,0.0,0
2018-10-08,28.7,28.92,28.63,28.92,4000,0.0,0
2018-10-09,28.63,28.74,28.63,28.74,2100,0.0,0
2018-10-10,28.21,28.22,27.83,27.97,2800,0.0,0
2018-10-11,27.56,27.69,27.23,27.69,7000,0.0,0
2018-10-12,27.91,28.17,27.91,28.17,5300,0.0,0
2018-10-15,27.66,27.85,27.66,27.83,8400,0.0,0
2018-10-16,27.84,28.15,27.84,28.06,9900,0.0,0
2018-10-17,27.88,27.9,27.7,27.74,4500,0.0,0
2018-10-18,27.29,27.29,26.92,26.92,4100,0.0,0
2018-10-19,27.67,27.79,27.44,27.51,6400,0.0,0
2018-10-22,28.52,28.52,28.38,28.48,10900,0.0,0
2018-10-23,27.65,27.66,27.6,27.62,4100,0.0,0
2018-10-24,27.76,27.76,27.22,27.22,4200,0.0,0
2018-10-25,27.69,27.91,27.69,27.88,2000,0.0,0
2018-10-26,27.18,27.56,27.04,27.36,7800,0.0,0
2018-10-29,27.2,27.2,26.26,26.26,8400,0.0,0
2018-10-30,26.57,26.68,26.57,26.68,2900,0.0,0
2018-10-31,27.29,27.67,27.29,27.67,6500,0.0,0
2018-11-01,28.12,28.74,28.12,28.74,5900,0.0,0
2018-11-02,29.41,29.41,28.55,28.89,7700,0.0,0
2018-11-05,28.74,28.8,28.65,28.73,4800,0.0,0
2018-11-06,28.75,28.75,28.61,28.61,800,0.0,0
2018-11-07,28.89,29.2,28.89,29.2,1900,0.0,0
2018-11-08,28.83,28.83,28.39,28.45,42700,0.0,0
2018-11-09,28.01,28.01,27.61,27.83,16900,0.0,0
2018-11-12,27.74,27.85,27.61,27.82,2400,0.0,0
2018-11-13,28.21,28.29,28.21,28.26,600,0.0,0
2018-11-14,28.56,28.62,28.29,28.4,186000,0.0,0
2018-11-15,28.71,29.31,28.64,29.01,3700,0.0,0
2018-11-16,29.03,29.27,28.99,29.26,3400,0.0,0
2018-11-19,28.94,28.94,28.66,28.7,2400,0.0,0
2018-11-20,28.21,28.26,28.05,28.05,2800,0.0,0
2018-11-21,28.55,28.87,28.55,28.75,6000,0.0,0
2018-11-23,28.19,28.23,28.19,28.23,5300,0.0,0
2018-11-26,28.61,28.61,28.54,28.58,1000,0.0,0
2018-11-27,28.41,28.56,28.36,28.53,4500,0.0,0
2018-11-28,28.79,29.27,28.72,29.27,3600,0.0,0
2018-11-29,28.91,28.91,28.59,28.85,3300,0.0,0
2018-11-30,28.87,28.92,28.85,28.86,1300,0.0,0
2018-12-03,30.09,30.09,29.79,29.86,11900,0.0,0
2018-12-04,30.0,30.0,29.32,29.35,5700,0.0,0
2018-12-06,28.65,28.86,28.48,28.86,13300,0.0,0
2018-12-07,28.81,28.96,28.44,28.44,7900,0.0,0
2018-12-10,28.22,28.39,27.97,28.34,5800,0.0,0
2018-12-11,28.7,28.7,28.49,28.55,3100,0.0,0
2018-12-12,29.05,29.11,28.84,28.84,15100,0.0,0
2018-12-13,29.0,29.02,28.93,28.98,24300,0.0,0
2018-12-14,28.59,28.59,28.34,28.52,22300,0.0,0
2018-12-17,28.35,28.35,27.9,27.94,11100,0.0,0
2018-12-18,28.06,28.14,27.97,27.97,2800,0.0,0
2018-12-19,27.74,27.96,27.09,27.23,6900,0.594,0
2018-12-20,27.28,27.44,27.24,27.24,7600,0.0,0
2018-12-21,27.28,27.4,26.98,26.98,6600,0.0,0
2018-12-24,27.04,27.11,26.88,26.88,4100,0.0,0
2018-12-26,26.87,27.37,26.82,27.37,5300,0.0,0
2018-12-27,26.96,27.19,26.84,27.19,4600,0.0,0
2018-12-28,27.44,27.44,27.28,27.33,2600,0.0,0
2018-12-31,27.69,27.69,27.23,27.23,5700,0.0,0
2019-01-02,26.91,27.12,26.91,27.12,5800,0.0,0
2019-01-03,26.65,26.7,26.59,26.59,1600,0.0,0
2019-01-04,27.01,27.74,27.01,27.64,10300,0.0,0
2019-01-07,27.55,27.86,27.55,27.82,5500,0.0,0
2019-01-08,27.93,28.01,27.74,27.97,7400,0.0,0
2019-01-09,28.17,28.61,28.17,28.51,6600,0.0,0
2019-01-10,28.35,28.68,28.35,28.68,4000,0.0,0
2019-01-11,28.58,28.59,28.58,28.59,1700,0.0,0
2019-01-14,28.21,28.37,28.2,28.31,2500,0.0,0
2019-01-15,28.46,28.72,28.46,28.63,3300,0.0,0
2019-01-16,28.93,29.11,28.93,29.03,900,0.0,0
2019-01-17,28.85,29.13,28.84,29.11,5300,0.0,0
2019-01-18,29.3,29.54,29.3,29.4,900,0.0,0
2019-01-22,29.0,29.0,28.62,28.71,2100,0.0,0
2019-01-23,28.95,29.03,28.82,28.93,3300,0.0,0
2019-01-24,29.14,29.28,29.14,29.28,3500,0.0,0
2019-01-25,29.77,29.88,29.77,29.8,2500,0.0,0
2019-01-28,29.47,29.58,29.45,29.56,3700,0.0,0
2019-01-29,29.62,29.62,29.55,29.55,1900,0.0,0
2019-01-30,29.73,30.08,29.72,30.08,2700,0.0,0
2019-01-31,30.24,30.45,30.21,30.45,4000,0.0,0
2019-02-01,30.27,30.37,30.27,30.32,3500,0.0,0
2019-02-04,30.31,30.36,30.18,30.35,3200,0.0,0
2019-02-05,30.64,30.79,30.63,30.79,3200,0.0,0
2019-02-06,30.73,30.73,30.49,30.5,1200,0.0,0
2019-02-07,30.38,30.38,29.93,30.1,2500,0.0,0
2019-02-08,29.98,30.09,29.91,30.09,2000,0.0,0
2019-02-11,30.65,30.65,30.45,30.46,2000,0.0,0
2019-02-12,30.76,30.76,30.63,30.66,2300,0.0,0
2019-02-13,31.01,31.12,30.91,30.94,2600,0.0,0
2019-02-14,30.7,30.88,30.7,30.87,1600,0.0,0
2019-02-15,30.79,30.79,30.54,30.61,6100,0.0,0
2019-02-19,30.66,31.2,30.66,31.2,3300,0.0,0
2019-02-20,31.37,31.54,31.36,31.36,2900,0.0,0
2019-02-21,31.29,31.29,31.2,31.23,2700,0.0,0
2019-02-22,31.63,31.96,31.63,31.9,5000,0.0,0
2019-02-25,33.05,33.17,32.98,33.05,12200,0.0,0
2019-02-26,32.78,32.81,32.62,32.8,6200,0.0,0
2019-02-27,32.44,32.48,32.33,32.45,2200,0.0,0
2019-02-28,32.26,32.38,32.24,32.24,5400,0.0,0
2019-03-01,32.68,32.76,32.68,32.69,2900,0.0,0
2019-03-04,33.29,33.29,32.95,33.01,3345200,0.0,0
2019-03-05,33.33,33.59,33.32,33.59,11900,0.0,0
2019-03-06,33.54,33.54,33.35,33.35,6500,0.0,0
2019-03-07,33.06,33.06,32.47,32.48,3235400,0.0,0
2019-03-08,31.71,31.8,31.64,31.8,6000,0.0,0
2019-03-11,32.52,32.81,32.52,32.8,5700,0.0,0
2019-03-12,32.93,33.14,32.93,33.14,31900,0.0,0
2019-03-13,32.92,32.92,32.8,32.86,22500,0.0,0
2019-03-14,32.62,32.62,32.43,32.56,11200,0.0,0
2019-03-15,32.95,33.04,32.93,33.0,6600,0.0,0
2019-03-18,33.5,33.66,33.5,33.65,13000,0.0,0
2019-03-19,33.65,33.7,33.6,33.6,3000,0.0,0
2019-03-20,33.37,33.72,33.26,33.59,3000,0.0,0
2019-03-21,33.32,33.6,33.32,33.6,8000,0.0,0
2019-03-22,32.96,32.96,32.69,32.71,218200,0.0,0
2019-03-25,32.47,32.73,32.47,32.67,6600,0.0,0
2019-03-26,32.63,32.64,32.52,32.64,10000,0.0,0
2019-03-27,32.71,32.72,32.44,32.55,4406200,0.0,0
2019-03-28,32.61,32.71,32.56,32.7,2600,0.0,0
2019-03-29,33.37,33.51,33.33,33.48,20500,0.0,0
2019-04-01,34.22,34.22,34.03,34.2,12100,0.0,0
2019-04-02,34.08,34.08,33.99,34.04,2700,0.0,0
2019-04-03,34.35,34.59,34.3,34.35,7200,0.0,0
2019-04-04,34.55,34.74,34.55,34.67,153600,0.0,0
2019-04-05,34.89,35.14,34.89,35.13,10200,0.0,0
2019-04-08,34.92,35.04,34.83,35.0,15000,0.0,0
2019-04-09,34.94,34.95,34.87,34.92,43200,0.0,0
2019-04-10,35.12,35.12,34.91,35.04,8700,0.0,0
2019-04-11,34.72,34.72,34.41,34.46,8700,0.0,0
2019-04-12,34.9,35.1,34.89,34.9,35500,0.0,0
2019-04-15,34.68,34.68,34.22,34.29,12000,0.0,0
2019-04-16,35.01,35.01,34.67,34.73,95400,0.0,0
2019-04-17,35.02,35.03,34.85,34.85,43000,0.0,0
2019-04-18,34.78,34.85,34.78,34.84,1800,0.0,0
2019-04-22,34.42,34.49,34.38,34.49,4700,0.0,0
2019-04-23,34.46,34.58,34.43,34.55,26900,0.0,0
2019-04-24,34.35,34.36,34.14,34.23,3600,0.0,0
2019-04-25,33.88,33.88,33.61,33.79,16100,0.0,0
2019-04-26,33.79,33.93,33.73,33.89,13100,0.0,0
2019-04-29,33.89,33.92,33.79,33.86,4758600,0.0,0
2019-04-30,33.69,33.73,33.54,33.68,11900,0.0,0
2019-05-01,33.77,33.94,33.65,33.65,1600,0.0,0
2019-05-02,33.66,33.84,33.55,33.62,19600,0.0,0
2019-05-03,34.0,34.14,33.99,34.12,21300,0.0,0
2019-05-06,32.41,32.91,32.17,32.86,19500,0.0,0
2019-05-07,32.6,32.6,31.72,31.88,9700,0.0,0
2019-05-08,31.93,31.93,31.8,31.83,4800,0.0,0
2019-05-09,31.2,31.44,30.72,31.3,41900,0.0,0
2019-05-10,31.54,31.81,31.13,31.66,36800,0.0,0
2019-05-13,30.66,30.7,30.33,30.52,4700,0.0,0
2019-05-14,31.13,31.32,30.99,31.11,11500,0.0,0
2019-05-15,31.2,31.48,31.2,31.38,10100,0.0,0
2019-05-16,31.57,31.85,31.57,31.6,22300,0.0,0
2019-05-17,30.59,30.86,30.55,30.63,7300,0.0,0
2019-05-20,30.22,30.22,29.92,30.0,7400,0.0,0
2019-05-21,30.24,30.41,30.24,30.33,12000,0.0,0
2019-05-22,30.29,30.29,30.13,30.24,13000,0.0,0
2019-05-23,29.75,29.75,29.56,29.72,9100,0.0,0
2019-05-24,29.57,29.57,29.52,29.52,2100,0.0,0
2019-05-28,29.9,30.13,29.83,29.83,27300,0.0,0
2019-05-29,29.78,29.97,29.77,29.97,21300,0.0,0
2019-05-30,29.89,29.9,29.84,29.86,1200,0.0,0
2019-05-31,29.73,29.82,29.69,29.78,7000,0.0,0
2019-06-03,29.86,30.01,29.86,29.93,8200,0.0,0
2019-06-04,29.73,29.93,29.73,29.92,9000,0.0,0
2019-06-05,29.95,29.95,29.56,29.65,2400,0.0,0
2019-06-06,29.59,29.59,29.5,29.59,1200,0.0,0
2019-06-07,29.79,30.0,29.79,29.86,5300,0.0,0
2019-06-10,30.19,30.36,30.19,30.23,3600,0.0,0
2019-06-11,30.91,30.96,30.75,30.81,2700,0.0,0
2019-06-12,30.57,30.57,30.24,30.34,5230300,0.0,0
2019-06-13,30.4,30.58,30.34,30.38,5592400,0.0,0
2019-06-14,29.99,30.11,29.98,30.06,89600,0.0,0
2019-06-17,30.11,30.3,30.11,30.26,15600,0.0,0
2019-06-18,31.06,31.16,30.97,31.01,20700,0.0,0
2019-06-19,31.06,31.34,31.03,31.25,26000,0.0,0
2019-06-20,31.95,31.95,31.81,31.91,19600,0.0,0
2019-06-21,31.87,31.87,31.73,31.78,2000,0.0,0
2019-06-24,31.87,31.87,31.75,31.81,5700,0.0,0
2019-06-25,31.62,31.68,31.3,31.31,16400,0.0,0
2019-06-26,31.55,31.88,31.55,31.81,169600,0.0,0
2019-06-27,31.91,32.07,31.91,32.07,2500,0.0,0
2019-06-28,32.01,32.13,31.98,32.03,57100,0.0,0
2019-07-01,32.96,33.1,32.77,32.82,4200,0.0,0
2019-07-02,32.78,32.82,32.7,32.71,1500,0.0,0
2019-07-03,32.67,32.7,32.62,32.63,2700,0.0,0
2019-07-05,32.31,32.39,32.18,32.26,3600,0.0,0
2019-07-08,31.93,31.93,31.74,31.79,6900,0.0,0
2019-07-09,31.49,31.71,31.42,31.71,9500,0.0,0
2019-07-10,31.89,31.93,31.74,31.75,18900,0.0,0
2019-07-11,31.64,31.72,31.53,31.63,4100,0.0,0
2019-07-12,31.74,31.76,31.69,31.75,4600,0.0,0
2019-07-15,31.91,32.01,31.91,32.0,9500,0.0,0
2019-07-16,32.02,32.11,31.98,31.99,1800,0.0,0
2019-07-17,32.08,32.08,31.95,31.95,1900,0.0,0
2019-07-18,31.79,31.85,31.62,31.76,132400,0.0,0
2019-07-19,32.04,32.04,31.85,31.85,8200,0.0,0
2019-07-22,31.78,31.79,31.68,31.74,25900,0.0,0
2019-07-23,31.82,32.2,31.82,32.2,55400,0.0,0
2019-07-24,32.15,32.37,32.15,32.37,56300,0.0,0
2019-07-25,32.42,32.44,32.19,32.23,131200,0.0,0
2019-07-26,32.43,32.43,32.32,32.34,1300,0.0,0
2019-07-29,32.25,32.26,32.25,32.26,700,0.0,0
2019-07-30,31.97,32.03,31.94,32.0,2700,0.0,0
2019-07-31,31.98,31.99,31.46,31.69,7400,0.0,0
2019-08-01,31.77,31.94,30.7,30.75,3500,0.0,0
2019-08-02,30.8,30.8,30.39,30.45,12600,0.0,0
2019-08-05,29.71,29.71,29.03,29.06,17800,0.0,0
2019-08-06,29.79,29.79,29.31,29.42,12100,0.0,0
2019-08-07,29.26,29.56,29.26,29.56,7600,0.0,0
2019-08-08,29.85,29.94,29.76,29.93,16700,0.0,0
2019-08-09,29.66,29.66,29.61,29.61,1900,0.0,0
2019-08-12,29.31,29.42,29.26,29.31,14900,0.0,0
2019-08-13,29.63,30.33,29.59,30.0,17200,0.0,0
2019-08-14,29.51,29.51,29.31,29.35,11200,0.0,0
2019-08-15,29.66,29.67,29.49,29.56,14100,0.0,0
2019-08-16,29.95,30.15,29.95,30.11,11400,0.0,0
2019-08-19,30.8,30.8,30.58,30.66,1100,0.0,0
2019-08-20,30.65,30.76,30.63,30.65,3100,0.0,0
2019-08-21,30.86,30.86,30.76,30.79,2600,0.0,0
2019-08-22,30.69,30.69,30.46,30.55,1800,0.0,0
2019-08-23,30.33,30.33,29.86,29.86,4100,0.0,0
2019-08-26,30.13,30.2,30.13,30.18,1600,0.0,0
2019-08-27,30.5,30.5,30.36,30.37,4900,0.0,0
2019-08-28,30.21,30.33,30.21,30.29,2600,0.0,0
2019-08-29,30.54,30.7,30.54,30.65,26900,0.0,0
2019-08-30,30.77,30.77,30.51,30.59,1400,0.0,0
2019-09-03,30.58,30.64,30.55,30.63,3500,0.0,0
2019-09-04,31.09,31.17,31.09,31.11,3700,0.0,0
2019-09-05,31.57,31.63,31.57,31.61,5700,0.0,0
2019-09-06,31.76,31.77,31.71,31.71,2100,0.0,0
2019-09-09,31.89,31.89,31.77,31.83,3500,0.0,0
2019-09-10,31.88,31.88,31.65,31.73,2300,0.0,0
2019-09-11,31.79,31.89,31.79,31.81,6700,0.0,0
2019-09-12,32.01,32.28,32.01,32.19,1800,0.0,0
2019-09-13,32.39,32.46,32.34,32.34,5300,0.0,0
2019-09-16,32.16,32.16,32.03,32.04,8500,0.0,0
2019-09-17,31.74,31.85,31.63,31.83,5700,0.0,0
2019-09-18,31.78,31.79,31.6,31.74,2200,0.0,0
2019-09-19,31.91,31.91,31.74,31.74,1300,0.0,0
2019-09-20,31.77,31.77,31.48,31.48,2200,0.0,0
2019-09-23,31.28,31.38,31.28,31.32,1800,0.0,0
2019-09-24,31.28,31.28,31.02,31.06,8400,0.0,0
2019-09-25,30.96,31.09,30.96,31.03,2000,0.0,0
2019-09-26,30.78,30.8,30.77,30.8,600,0.0,0
2019-09-27,30.84,30.84,30.1,30.23,6900,0.0,0
2019-09-30,30.54,30.54,30.43,30.43,900,0.0,0
2019-10-01,30.25,30.26,30.25,30.26,600,0.0,0
2019-10-02,30.16,30.26,30.11,30.24,5400,0.0,0
2019-10-03,30.52,30.63,30.52,30.63,800,0.0,0
2019-10-04,30.49,30.65,30.49,30.65,2100,0.0,0
2019-10-07,30.53,30.6,30.45,30.49,1700,0.0,0
2019-10-08,30.29,30.29,30.11,30.11,3700,0.0,0
2019-10-09,30.51,30.64,30.51,30.54,2700,0.0,0
2019-10-10,30.74,31.14,30.74,31.02,3400,0.0,0
2019-10-11,31.42,31.64,31.42,31.55,1200,0.0,0
2019-10-14,31.53,31.59,31.53,31.53,1200,0.0,0
2019-10-15,31.61,31.75,31.61,31.66,24700,0.0,0
2019-10-16,31.62,31.68,31.62,31.68,1400,0.0,0
2019-10-17,31.71,31.76,31.71,31.75,1600,0.0,0
2019-10-18,31.57,31.57,31.29,31.29,2600,0.0,0
2019-10-21,31.55,31.55,31.44,31.52,1000,0.0,0
2019-10-22,31.47,31.47,31.38,31.38,2300,0.0,0
2019-10-23,31.25,31.26,31.12,31.22,22800,0.0,0
2019-10-24,31.34,31.37,31.29,31.32,1200,0.0,0
2019-10-25,31.49,31.67,31.48,31.67,2700,0.0,0
2019-10-28,31.99,32.0,31.93,32.0,2000,0.0,0
2019-10-29,31.73,31.73,31.68,31.68,500,0.0,0
2019-10-30,31.45,31.65,31.41,31.65,10700,0.0,0
2019-10-31,31.53,31.53,31.42,31.48,3100,0.0,0
2019-11-01,32.05,32.06,32.01,32.05,1900,0.0,0
2019-11-04,32.57,32.57,32.44,32.49,2500,0.0,0
2019-11-05,32.68,32.68,32.61,32.66,1800,0.0,0
2019-11-06,32.72,32.72,32.55,32.57,2900,0.0,0
2019-11-07,32.89,33.1,32.89,32.96,2200,0.0,0
2019-11-08,32.86,32.89,32.65,32.73,2700,0.0,0
2019-11-11,32.23,32.36,32.2,32.36,3400,0.0,0
2019-11-12,32.15,32.17,32.05,32.08,1200,0.0,0
2019-11-13,31.84,31.84,31.77,31.77,800,0.0,0
2019-11-14,31.71,31.78,31.68,31.78,2000,0.0,0
2019-11-15,31.79,31.86,31.75,31.76,3900,0.0,0
2019-11-18,31.85,31.91,31.83,31.84,1400,0.0,0
2019-11-19,32.19,32.19,32.1,32.13,9700,0.0,0
2019-11-20,32.01,32.04,31.76,31.85,3800,0.0,0
2019-11-21,31.8,31.88,31.79,31.88,1400,0.0,0
2019-11-22,31.73,31.75,31.67,31.74,5900,0.0,0
2019-11-25,31.98,32.22,31.98,32.16,4700,0.0,0
2019-11-26,32.15,32.31,32.14,32.31,5100,0.0,0
2019-11-27,32.3,32.46,32.3,32.44,6200,0.0,0
2019-11-29,31.95,32.04,31.88,31.9,2700,0.0,0
2019-12-02,31.91,31.91,31.76,31.76,1200,0.0,0
2019-12-03,31.48,31.62,31.48,31.62,2300,0.0,0
2019-12-04,31.87,31.95,31.85,31.85,4900,0.0,0
2019-12-05,32.04,32.14,32.02,32.13,2400,0.0,0
2019-12-06,32.39,32.45,32.39,32.42,1700,0.0,0
2019-12-09,32.28,32.38,32.17,32.17,1200,0.0,0
2019-12-10,32.35,32.42,32.35,32.4,2100,0.0,0
2019-12-11,32.55,32.72,32.55,32.72,2700,0.0,0
2019-12-12,32.99,33.29,32.9,33.29,5700,0.0,0
2019-12-13,33.5,33.5,33.17,33.17,2500,0.0,0
2019-12-16,33.45,33.75,33.45,33.63,2200,0.0,0
2019-12-17,33.92,34.06,33.9,34.05,7200,0.0,0
2019-12-18,34.15,34.15,34.04,34.12,3100,1.442,0
2019-12-19,33.89,34.03,33.89,34.01,2000,0.0,0
2019-12-20,34.1,34.15,34.06,34.11,3100,0.0,0
2019-12-23,34.15,34.15,33.76,33.94,3600,0.0,0
2019-12-24,34.04,34.04,33.99,33.99,1100,0.0,0
2019-12-26,34.19,34.35,34.19,34.35,3000,0.0,0
2019-12-27,34.41,34.43,34.35,34.35,2000,0.0,0
2019-12-30,34.5,34.53,34.33,34.35,5500,0.0,0
2019-12-31,34.5,34.53,34.46,34.53,6000,0.0,0
2020-01-02,35.27,35.49,35.27,35.49,3500,0.0,0
2020-01-03,35.08,35.15,35.02,35.09,42100,0.0,0
2020-01-06,34.94,35.05,34.94,35.03,21200,0.0,0
2020-01-07,35.22,35.23,35.19,35.23,1100,0.0,0
2020-01-08,35.12,35.44,35.12,35.26,2600,0.0,0
2020-01-09,35.58,35.58,35.53,35.54,16600,0.0,0
2020-01-10,35.79,35.79,35.68,35.73,2800,0.0,0
2020-01-13,36.07,36.42,36.07,36.41,2400,0.0,0
2020-01-14,36.22,36.22,35.95,36.06,10100,0.0,0
2020-01-15,36.02,36.02,35.87,35.93,2200,0.0,0
2020-01-16,36.08,36.08,35.99,36.04,7800,0.0,0
2020-01-17,36.24,36.27,36.19,36.27,3200,0.0,0
2020-01-21,35.23,35.29,35.08,35.08,6900,0.0,0
2020-01-22,35.44,35.52,35.16,35.28,9500,0.0,0
2020-01-23,34.2,34.5,34.0,34.39,4700,0.0,0
2020-01-24,34.44,34.44,33.79,33.94,6200,0.0,0
2020-01-27,31.95,32.48,31.68,32.39,7700,0.0,0
2020-01-28,32.55,32.84,32.41,32.76,61200,0.0,0
2020-01-29,33.19,33.19,33.08,33.08,4500,0.0,0
2020-01-30,32.43,32.59,32.13,32.59,8600,0.0,0
2020-01-31,32.17,32.17,31.66,31.97,10900,0.0,0
2020-02-03,31.87,32.15,31.87,32.12,2900,0.0,0
2020-02-04,33.26,33.58,33.26,33.5,3000,0.0,0
2020-02-05,34.01,34.01,33.56,33.63,3900,0.0,0
2020-02-06,34.0,34.0,33.75,33.75,1500,0.0,0
2020-02-07,33.61,33.65,33.45,33.47,3900,0.0,0
2020-02-10,33.82,33.94,33.82,33.93,800,0.0,0
2020-02-11,34.35,34.58,34.35,34.38,3000,0.0,0
2020-02-12,34.74,35.04,34.74,35.01,4500,0.0,0
2020-02-13,34.45,34.71,34.45,34.5,2900,0.0,0
2020-02-14,34.6,34.63,34.49,34.49,2600,0.0,0
2020-02-18,34.81,34.84,34.77,34.77,2900,0.0,0
2020-02-19,35.02,35.03,34.97,34.97,2900,0.0,0
2020-02-20,34.99,35.03,34.58,34.77,1900,0.0,0
2020-02-21,34.88,34.9,34.76,34.76,4600,0.0,0
2020-02-24,33.53,33.92,33.53,33.89,3400,0.0,0
2020-02-25,34.31,34.4,33.81,33.81,2200,0.0,0
2020-02-26,34.09,34.43,34.09,34.09,1400,0.0,0
2020-02-27,33.99,34.01,33.77,33.81,2200,0.0,0
2020-02-28,32.94,33.4,32.54,33.4,9000,0.0,0
2020-03-02,33.87,34.29,33.76,34.29,4400,0.0,0
2020-03-03,34.2,34.44,34.2,34.26,1000,0.0,0
2020-03-04,34.67,34.77,34.51,34.74,1800,0.0,0
2020-03-05,34.84,34.97,34.7,34.7,1400,0.0,0
2020-03-06,33.98,34.12,33.83,33.99,5600,0.0,0
2020-03-09,32.62,32.79,32.52,32.78,4000,0.0,0
2020-03-10,33.93,34.1,33.47,34.1,9400,0.0,0
2020-03-11,33.33,33.36,32.91,33.01,4700,0.0,0
2020-03-12,30.88,30.88,30.34,30.47,15800,0.0,0
2020-03-13,31.74,31.93,31.35,31.93,3900,0.0,0
2020-03-16,28.71,29.88,28.0,28.95,6900,0.0,0
2020-03-17,29.45,30.21,29.45,30.12,7200,0.0,0
2020-03-18,28.91,29.19,28.25,28.77,6100,0.0,0
2020-03-19,28.76,29.37,28.76,29.19,9100,0.0,0
2020-03-20,29.81,29.94,28.85,28.85,7800,0.0,0
2020-03-23,28.86,29.12,28.47,28.95,4600,0.0,0
2020-03-24,30.24,30.3,29.99,30.3,3700,0.0,0
2020-03-25,30.59,31.1,30.59,30.98,1500,0.0,0
2020-03-26,30.89,31.61,30.77,31.61,4700,0.0,0
2020-03-27,30.32,30.37,30.2,30.23,3800,0.0,0
2020-03-30,30.34,30.76,30.17,30.75,14000,0.0,0
2020-03-31,31.0,31.0,30.61,30.73,4100,0.0,0
2020-04-01,30.39,30.39,29.92,29.92,1900,0.0,0
2020-04-02,30.53,30.78,30.42,30.78,6800,0.0,0
2020-04-03,30.37,30.51,30.37,30.5,3500,0.0,0
2020-04-06,31.37,31.53,31.29,31.48,3300,0.0,0
2020-04-07,32.32,32.32,31.53,31.53,3900,0.0,0
2020-04-08,31.4,31.64,31.4,31.6,5000,0.0,0
2020-04-09,31.94,31.95,31.67,31.67,5300,0.0,0
2020-04-13,31.36,31.51,31.26,31.51,1500,0.0,0
2020-04-14,32.18,32.18,32.09,32.15,1100,0.0,0
2020-04-15,31.57,31.72,31.57,31.72,1300,0.0,0
2020-04-16,31.97,32.06,31.96,32.06,7900,0.0,0
2020-04-17,32.4,32.4,32.15,32.32,1000,0.0,0
2020-04-20,32.14,32.55,32.14,32.29,4400,0.0,0
2020-04-21,31.86,31.86,31.6,31.65,2400,0.0,0
2020-04-22,32.32,32.39,32.29,32.32,4300,0.0,0
2020-04-23,32.49,32.49,32.07,32.07,6100,0.0,0
2020-04-24,32.23,32.23,31.92,32.11,900,0.0,0
2020-04-27,32.36,32.48,32.36,32.48,97100,0.0,0
2020-04-28,32.78,32.78,32.46,32.46,1700,0.0,0
2020-04-29,32.87,32.92,32.61,32.92,5300,0.0,0
2020-04-30,32.88,32.95,32.16,32.24,3500,0.0,0
2020-05-01,31.46,31.46,31.05,31.07,2800,0.0,0
2020-05-04,31.11,31.2,31.02,31.2,6900,0.0,0
2020-05-05,31.68,31.71,31.64,31.64,1000,0.0,0
2020-05-06,32.44,32.44,32.1,32.11,2600,0.0,0
2020-05-07,32.35,32.5,32.35,32.44,6200,0.0,0
2020-05-08,33.0,33.11,33.0,33.09,1300,0.0,0
2020-05-11,33.06,33.11,33.01,33.06,6900,0.0,0
2020-05-12,33.38,33.38,32.95,32.95,600,0.0,0
2020-05-13,33.17,33.31,32.78,32.96,2300,0.0,0
2020-05-14,32.38,32.92,32.29,32.92,3800,0.0,0
2020-05-15,32.55,32.6,32.48,32.6,1000,0.0,0
2020-05-18,33.36,33.64,33.36,33.63,8400,0.0,0
2020-05-19,33.51,33.51,33.51,33.51,600,0.0,0
2020-05-20,33.94,33.94,33.48,33.66,3600,0.0,0
2020-05-21,33.08,33.09,32.9,32.9,2600,0.0,0
2020-05-22,32.08,32.1,31.94,31.94,6700,0.0,0
2020-05-26,32.66,32.81,32.39,32.39,3600,0.0,0
2020-05-27,32.17,32.19,31.92,32.05,381200,0.0,0
2020-05-28,32.24,32.26,31.98,31.98,1900,0.0,0
2020-05-29,32.22,32.74,32.22,32.74,38400,0.0,0
2020-06-01,32.9,33.42,32.9,33.42,700,0.0,0
2020-06-02,33.98,33.99,33.93,33.99,500,0.0,0
2020-06-03,34.35,34.37,34.27,34.37,900,0.0,0
2020-06-04,34.11,34.11,33.9,33.97,1200,0.0,0
2020-06-05,34.6,34.65,34.53,34.56,1800,0.0,0
2020-06-08,34.48,34.48,34.24,34.47,4900,0.0,0
2020-06-09,34.31,34.49,34.31,34.49,1800,0.0,0
2020-06-10,34.62,34.88,34.62,34.88,1400,0.0,0
2020-06-11,33.95,33.95,33.79,33.79,900,0.0,0
2020-06-12,34.37,34.37,34.15,34.26,1700,0.0,0
2020-06-15,33.72,34.22,33.72,34.22,400,0.0,0
2020-06-16,34.87,34.87,34.45,34.45,4700,0.0,0
2020-06-17,34.8,34.85,34.8,34.85,3800,0.0,0
2020-06-18,35.0,35.12,34.97,35.01,2000,0.0,0
2020-06-19,35.05,35.05,35.05,35.05,100,0.0,0
2020-06-22,35.22,35.49,35.22,35.47,1500,0.0,0
2020-06-23,36.0,36.03,35.94,35.94,400,0.0,0
2020-06-24,35.8,35.8,35.6,35.6,900,0.0,0
2020-06-25,35.33,35.47,35.33,35.47,1700,0.0,0
2020-06-26,35.24,35.3,35.24,35.3,200,0.0,0
2020-06-29,35.38,35.39,35.15,35.35,3100,0.0,0
2020-06-30,35.43,35.49,35.42,35.49,4200,0.0,0
2020-07-01,35.89,35.89,35.77,35.89,800,0.0,0
2020-07-02,36.76,36.96,36.76,36.86,2000,0.0,0
2020-07-06,38.7,39.9,38.7,39.9,8100,0.0,0
2020-07-07,39.54,39.72,39.28,39.28,3800,0.0,0
2020-07-08,39.98,40.75,39.98,40.75,3100,0.0,0
2020-07-09,41.49,41.49,40.75,40.96,5000,0.0,0
2020-07-10,40.68,40.68,40.43,40.63,1100,0.0,0
2020-07-13,41.13,41.37,40.57,40.57,4300,0.0,0
2020-07-14,40.04,40.42,39.84,40.42,5100,0.0,0
2020-07-15,40.22,40.29,40.09,40.23,3700,0.0,0
2020-07-16,38.55,38.73,38.53,38.73,8100,0.0,0
2020-07-17,38.89,38.91,38.72,38.89,8100,0.0,0
2020-07-20,39.66,39.83,39.66,39.83,3900,0.0,0
2020-07-21,40.2,40.2,40.07,40.08,600,0.0,0
2020-07-22,39.78,39.78,39.61,39.61,1200,0.0,0
2020-07-23,39.55,39.55,39.55,39.55,100,0.0,0
